Order_ID,Order_Date,Customer_ID,Product_ID,Quantity,Discount,Amount,Rating,Payment_Method
O00001,2026-04-16,C0204,P011,4,0.1,10796.4,5,Cash
O00002,2026-07-28,C0276,P029,1,0.15,764.15,3,Debit Card
O00003,2026-03-24,C0196,P016,1,0.15,7649.15,5,UPI
O00004,2026-06-18,C0044,P003,4,0.15,11896.6,2,Net Banking
O00005,2026-04-03,C0106,P025,4,0.15,5096.6,5,Credit Card
O00006,2026-03-10,C0185,P016,2,0.1,16198.2,4,Cash
O00007,2026-02-01,C0062,P011,1,0.05,2849.05,5,Debit Card
O00008,2026-05-22,C0047,P022,1,0.15,594.15,3,UPI
O00009,2026-04-29,C0293,P010,1,0.05,664.05,4,Debit Card
O00010,2026-05-11,C0032,P027,3,0.15,634.95,5,Cash
O00011,2026-03-04,C0078,P003,4,0.05,13296.2,4,Net Banking
O00012,2026-05-11,C0099,P008,2,0.0,4598.0,4,Cash
O00013,2026-03-29,C0163,P017,3,0.0,22497.0,4,Debit Card
O00014,2026-08-03,C0167,P024,4,0.05,2276.2,4,Cash
O00015,2026-03-30,C0210,P011,3,0.15,7647.45,4,Debit Card
O00016,2026-08-11,C0198,P019,2,0.05,1328.1,5,Credit Card
O00017,2026-08-08,C0061,P006,4,0.0,15996.0,4,Cash
O00018,2026-06-30,C0139,P005,4,0.15,4416.6,5,Credit Card
O00019,2026-05-07,C0141,P016,1,0.05,8549.05,4,Net Banking
O00020,2026-03-26,C0135,P014,1,0.15,679.15,3,Cash
O00021,2026-01-04,C0164,P005,2,0.15,2208.3,5,Credit Card
O00022,2026-01-20,C0165,P022,4,0.1,2516.4,4,Cash
O00023,2026-06-16,C0011,P010,1,0.1,629.1,5,Net Banking
O00024,2026-04-08,C0183,P006,3,0.15,10197.45,5,UPI
O00025,2026-06-08,C0108,P008,1,0.05,2184.05,5,Debit Card
O00026,2026-02-28,C0205,P030,1,0.15,2549.15,5,UPI
O00027,2026-04-24,C0292,P007,2,0.1,2878.2,5,UPI
O00028,2026-03-25,C0243,P022,1,0.1,629.1,4,Cash
O00029,2026-02-07,C0067,P011,2,0.15,5098.3,5,Credit Card
O00030,2026-02-13,C0100,P014,2,0.0,1598.0,5,Cash
O00031,2026-06-08,C0167,P008,2,0.15,3908.3,5,Credit Card
O00032,2026-03-01,C0244,P030,4,0.1,10796.4,4,UPI
O00033,2026-08-19,C0249,P006,4,0.1,14396.4,5,Credit Card
O00034,2026-01-19,C0072,P020,4,0.1,16196.4,5,Debit Card
O00035,2026-06-13,C0284,P003,4,0.1,12596.4,4,Debit Card
O00036,2026-02-20,C0114,P017,4,0.15,25496.6,3,Cash
O00037,2026-05-27,C0231,P008,3,0.1,6207.3,5,Debit Card
O00038,2026-01-06,C0099,P006,4,0.1,14396.4,1,UPI
O00039,2026-08-22,C0025,P024,4,0.1,2156.4,5,Credit Card
O00040,2026-06-05,C0148,P027,3,0.05,709.65,5,Net Banking
O00041,2026-03-06,C0095,P006,2,0.0,7998.0,5,UPI
O00042,2026-03-21,C0146,P006,4,0.0,15996.0,5,Credit Card
O00043,2026-01-24,C0242,P030,3,0.1,8097.3,5,Credit Card
O00044,2026-02-21,C0141,P026,2,0.1,358.2,5,Debit Card
O00045,2026-08-01,C0256,P019,2,0.1,1258.2,5,Cash
O00046,2026-09-05,C0066,P019,3,0.1,1887.3,5,Cash
O00047,2026-09-04,C0220,P001,1,0.05,1899.05,5,Credit Card
O00048,2026-08-09,C0131,P022,4,0.1,2516.4,3,Cash
O00049,2026-01-04,C0166,P030,3,0.0,8997.0,4,Debit Card
O00050,2026-05-30,C0166,P021,4,0.1,1796.4,3,Credit Card
O00051,2026-05-01,C0133,P013,1,0.1,1349.1,5,Credit Card
O00052,2026-06-15,C0226,P023,1,0.15,679.15,5,Debit Card
O00053,2026-06-16,C0247,P008,4,0.0,9196.0,3,UPI
O00054,2026-03-19,C0092,P022,4,0.0,2796.0,3,Net Banking
O00055,2026-02-04,C0203,P025,4,0.15,5096.6,4,Net Banking
O00056,2026-04-18,C0016,P005,2,0.15,2208.3,5,Cash
O00057,2026-06-07,C0243,P024,4,0.1,2156.4,2,Debit Card
O00058,2026-02-25,C0293,P019,4,0.15,2376.6,5,Debit Card
O00059,2026-01-26,C0014,P014,3,0.1,2157.3,3,Debit Card
O00060,2026-02-18,C0086,P025,1,0.15,1274.15,3,Credit Card
O00061,2026-06-14,C0085,P025,1,0.0,1499.0,5,Credit Card
O00062,2026-02-02,C0127,P005,2,0.0,2598.0,5,Net Banking
O00063,2026-02-23,C0186,P018,2,0.05,2468.1,4,Credit Card
O00064,2026-07-21,C0201,P011,1,0.1,2699.1,5,Credit Card
O00065,2026-02-03,C0120,P025,3,0.05,4272.15,3,UPI
O00066,2026-02-03,C0122,P015,1,0.1,1619.1,5,Credit Card
O00067,2026-05-31,C0211,P030,3,0.0,8997.0,4,UPI
O00068,2026-02-02,C0277,P027,4,0.0,996.0,5,Cash
O00069,2026-04-25,C0102,P014,3,0.0,2397.0,4,Credit Card
O00070,2026-08-31,C0074,P003,1,0.1,3149.1,4,UPI
O00071,2026-01-16,C0095,P017,4,0.15,25496.6,4,UPI
O00072,2026-05-06,C0207,P028,4,0.0,1996.0,5,Debit Card
O00073,2026-06-05,C0227,P009,2,0.0,5998.0,3,Net Banking
O00074,2026-06-12,C0025,P021,3,0.15,1272.45,5,Net Banking
O00075,2026-03-17,C0128,P020,4,0.15,15296.6,3,UPI
O00076,2026-08-07,C0056,P008,2,0.15,3908.3,4,Credit Card
O00077,2026-04-16,C0037,P021,3,0.15,1272.45,4,UPI
O00078,2026-03-22,C0171,P010,4,0.1,2516.4,5,Debit Card
O00079,2026-09-02,C0203,P028,2,0.15,848.3,3,UPI
O00080,2026-01-24,C0284,P006,4,0.0,15996.0,5,Debit Card
O00081,2026-07-27,C0094,P008,2,0.0,4598.0,5,Net Banking
O00082,2026-05-24,C0105,P027,3,0.0,747.0,4,Cash
O00083,2026-08-11,C0230,P001,1,0.1,1799.1,5,Debit Card
O00084,2026-01-27,C0103,P026,2,0.05,378.1,5,Credit Card
O00085,2026-08-05,C0080,P019,1,0.1,629.1,5,Debit Card
O00086,2026-01-30,C0143,P017,3,0.05,21372.15,5,Net Banking
O00087,2026-09-07,C0051,P009,1,0.1,2699.1,2,Debit Card
O00088,2026-06-29,C0068,P003,3,0.1,9447.3,4,Credit Card
O00089,2026-08-11,C0189,P006,2,0.15,6798.3,3,UPI
O00090,2026-01-24,C0248,P013,2,0.15,2548.3,4,Debit Card
O00091,2026-02-10,C0096,P027,3,0.1,672.3,5,Net Banking
O00092,2026-06-02,C0211,P002,1,0.0,2499.0,3,Net Banking
O00093,2026-01-13,C0245,P015,1,0.1,1619.1,4,Cash
O00094,2026-05-05,C0211,P018,4,0.15,4416.6,4,Net Banking
O00095,2026-01-30,C0104,P009,3,0.15,7647.45,3,Net Banking
O00096,2026-05-05,C0143,P007,3,0.0,4797.0,4,Net Banking
O00097,2026-01-15,C0215,P011,1,0.05,2849.05,4,Credit Card
O00098,2026-07-16,C0199,P021,2,0.1,898.2,4,UPI
O00099,2026-01-02,C0299,P024,4,0.15,2036.6,4,Cash
O00100,2026-05-17,C0251,P024,2,0.1,1078.2,3,UPI
O00101,2026-04-22,C0152,P012,1,0.15,2124.15,5,Debit Card
O00102,2026-05-28,C0177,P024,4,0.15,2036.6,5,Cash
O00103,2026-03-16,C0062,P001,1,0.15,1699.15,2,Debit Card
O00104,2026-02-13,C0167,P015,4,0.1,6476.4,3,UPI
O00105,2026-03-04,C0042,P005,4,0.15,4416.6,5,Cash
O00106,2026-08-11,C0287,P021,3,0.1,1347.3,4,Credit Card
O00107,2026-01-20,C0165,P028,1,0.05,474.05,5,Debit Card
O00108,2026-03-31,C0036,P008,2,0.05,4368.1,3,Debit Card
O00109,2026-02-20,C0102,P030,2,0.05,5698.1,5,UPI
O00110,2026-02-15,C0078,P013,4,0.15,5096.6,5,Net Banking
O00111,2026-04-25,C0115,P001,3,0.1,5397.3,3,UPI
O00112,2026-05-01,C0260,P014,4,0.1,2876.4,5,Net Banking
O00113,2026-01-15,C0184,P017,3,0.0,22497.0,4,Cash
O00114,2026-01-10,C0286,P002,1,0.1,2249.1,5,UPI
O00115,2026-06-15,C0207,P014,1,0.15,679.15,4,Net Banking
O00116,2026-09-02,C0074,P014,1,0.15,679.15,5,Net Banking
O00117,2026-06-16,C0056,P018,2,0.1,2338.2,5,Net Banking
O00118,2026-02-08,C0173,P027,1,0.15,211.65,3,Debit Card
O00119,2026-07-02,C0055,P025,1,0.05,1424.05,2,Cash
O00120,2026-04-23,C0182,P016,2,0.1,16198.2,4,Debit Card
O00121,2026-04-10,C0070,P006,4,0.1,14396.4,5,UPI
O00122,2026-07-22,C0139,P006,3,0.0,11997.0,4,Net Banking
O00123,2026-06-23,C0237,P029,4,0.1,3236.4,4,Net Banking
O00124,2026-08-12,C0079,P019,2,0.1,1258.2,3,Credit Card
O00125,2026-08-23,C0164,P025,3,0.1,4047.3,5,Cash
O00126,2026-02-03,C0261,P005,1,0.1,1169.1,5,Debit Card
O00127,2026-07-28,C0193,P024,2,0.0,1198.0,5,Cash
O00128,2026-05-11,C0170,P011,3,0.0,8997.0,4,Credit Card
O00129,2026-09-01,C0065,P027,2,0.1,448.2,5,Cash
O00130,2026-02-19,C0294,P023,2,0.05,1518.1,3,Debit Card
O00131,2026-08-05,C0131,P012,1,0.0,2499.0,5,Net Banking
O00132,2026-02-03,C0241,P023,4,0.05,3036.2,4,Net Banking
O00133,2026-07-27,C0259,P001,2,0.15,3398.3,2,Debit Card
O00134,2026-06-23,C0018,P030,2,0.15,5098.3,5,Cash
O00135,2026-03-01,C0078,P012,2,0.1,4498.2,5,Cash
O00136,2026-08-20,C0242,P020,2,0.1,8098.2,5,Net Banking
O00137,2026-04-23,C0137,P018,4,0.1,4676.4,5,Net Banking
O00138,2026-05-16,C0003,P026,4,0.05,756.2,5,Net Banking
O00139,2026-02-05,C0250,P009,3,0.0,8997.0,5,Debit Card
O00140,2026-05-22,C0112,P020,1,0.0,4499.0,4,Credit Card
O00141,2026-03-11,C0043,P014,4,0.05,3036.2,5,UPI
O00142,2026-08-31,C0232,P017,2,0.15,12748.3,5,UPI
O00143,2026-04-17,C0011,P018,1,0.15,1104.15,4,Credit Card
O00144,2026-04-09,C0018,P014,1,0.1,719.1,4,Debit Card
O00145,2026-08-27,C0082,P014,1,0.1,719.1,5,Credit Card
O00146,2026-01-10,C0087,P024,3,0.15,1527.45,5,Credit Card
O00147,2026-07-14,C0033,P025,4,0.15,5096.6,5,UPI
O00148,2026-01-05,C0031,P028,3,0.05,1422.15,5,Net Banking
O00149,2026-08-29,C0119,P030,4,0.0,11996.0,5,Credit Card
O00150,2026-03-19,C0184,P030,1,0.0,2999.0,4,Net Banking
O00151,2026-04-28,C0034,P029,1,0.0,899.0,5,Cash
O00152,2026-06-02,C0139,P004,1,0.05,1424.05,5,Debit Card
O00153,2026-04-20,C0013,P020,1,0.1,4049.1,4,Cash
O00154,2026-02-17,C0169,P029,1,0.1,809.1,3,Net Banking
O00155,2026-05-20,C0075,P009,1,0.15,2549.15,5,UPI
O00156,2026-06-12,C0271,P001,4,0.1,7196.4,4,UPI
O00157,2026-04-02,C0132,P022,1,0.1,629.1,4,UPI
O00158,2026-07-17,C0271,P011,3,0.05,8547.15,2,Net Banking
O00159,2026-03-28,C0004,P018,2,0.15,2208.3,5,Cash
O00160,2026-06-11,C0142,P017,2,0.05,14248.1,3,Cash
O00161,2026-01-10,C0052,P020,3,0.05,12822.15,2,Credit Card
O00162,2026-08-15,C0090,P004,1,0.1,1349.1,5,Net Banking
O00163,2026-04-12,C0258,P004,4,0.1,5396.4,2,Credit Card
O00164,2026-03-15,C0098,P026,3,0.0,597.0,5,Debit Card
O00165,2026-03-11,C0193,P020,1,0.1,4049.1,4,Cash
O00166,2026-07-10,C0088,P020,4,0.15,15296.6,4,Credit Card
O00167,2026-05-08,C0190,P027,4,0.1,896.4,5,Net Banking
O00168,2026-03-10,C0084,P026,1,0.15,169.15,3,Net Banking
O00169,2026-07-30,C0253,P029,2,0.1,1618.2,4,UPI
O00170,2026-03-25,C0291,P012,3,0.1,6747.3,4,Cash
O00171,2026-02-12,C0106,P013,4,0.1,5396.4,4,Debit Card
O00172,2026-06-07,C0112,P002,4,0.1,8996.4,5,UPI
O00173,2026-01-20,C0271,P006,4,0.1,14396.4,5,Credit Card
O00174,2026-09-01,C0158,P001,1,0.05,1899.05,5,Cash
O00175,2026-01-09,C0117,P029,2,0.0,1798.0,4,Debit Card
O00176,2026-04-03,C0079,P025,4,0.0,5996.0,5,Cash
O00177,2026-08-31,C0240,P010,3,0.1,1887.3,4,UPI
O00178,2026-05-27,C0190,P001,2,0.1,3598.2,4,Debit Card
O00179,2026-03-05,C0195,P025,1,0.0,1499.0,5,Cash
O00180,2026-05-13,C0124,P014,4,0.0,3196.0,4,Debit Card
O00181,2026-06-30,C0177,P007,4,0.05,6076.2,5,Debit Card
O00182,2026-06-27,C0029,P025,4,0.05,5696.2,3,UPI
O00183,2026-04-26,C0145,P024,2,0.15,1018.3,5,Debit Card
O00184,2026-06-20,C0015,P024,3,0.0,1797.0,5,Debit Card
O00185,2026-08-17,C0148,P027,3,0.05,709.65,5,Credit Card
O00186,2026-07-23,C0108,P022,3,0.05,1992.15,3,Credit Card
O00187,2026-07-22,C0232,P002,2,0.05,4748.1,5,UPI
O00188,2026-04-03,C0146,P017,3,0.15,19122.45,5,Net Banking
O00189,2026-02-03,C0115,P028,1,0.0,499.0,4,Cash
O00190,2026-05-15,C0043,P019,4,0.15,2376.6,5,UPI
O00191,2026-02-02,C0121,P010,3,0.0,2097.0,4,Net Banking
O00192,2026-03-30,C0198,P008,2,0.05,4368.1,5,Credit Card
O00193,2026-04-21,C0042,P008,1,0.0,2299.0,5,Debit Card
O00194,2026-02-12,C0113,P005,2,0.1,2338.2,5,Credit Card
O00195,2026-03-30,C0098,P005,3,0.0,3897.0,4,Net Banking
O00196,2026-03-12,C0280,P012,2,0.1,4498.2,5,UPI
O00197,2026-05-09,C0180,P001,2,0.05,3798.1,4,Net Banking
O00198,2026-07-04,C0060,P007,3,0.0,4797.0,5,UPI
O00199,2026-01-21,C0250,P004,1,0.1,1349.1,5,Net Banking
O00200,2026-04-17,C0037,P007,1,0.15,1359.15,5,Net Banking
O00201,2026-03-16,C0155,P011,3,0.15,7647.45,4,Cash
O00202,2026-03-18,C0117,P003,4,0.0,13996.0,5,Credit Card
O00203,2026-04-23,C0238,P020,4,0.15,15296.6,4,Debit Card
O00204,2026-06-05,C0219,P015,2,0.1,3238.2,5,Debit Card
O00205,2026-07-07,C0249,P021,3,0.15,1272.45,3,Debit Card
O00206,2026-05-12,C0066,P007,1,0.1,1439.1,4,UPI
O00207,2026-03-10,C0300,P004,4,0.05,5696.2,3,UPI
O00208,2026-03-16,C0033,P002,4,0.15,8496.6,4,Credit Card
O00209,2026-07-28,C0297,P029,3,0.1,2427.3,4,Credit Card
O00210,2026-05-08,C0061,P006,4,0.15,13596.6,5,Cash
O00211,2026-01-06,C0208,P009,1,0.15,2549.15,4,Credit Card
O00212,2026-02-25,C0210,P002,3,0.0,7497.0,2,Cash
O00213,2026-06-02,C0130,P025,4,0.1,5396.4,5,UPI
O00214,2026-04-21,C0115,P017,2,0.1,13498.2,5,Cash
O00215,2026-04-04,C0044,P007,1,0.15,1359.15,2,Net Banking
O00216,2026-02-19,C0163,P006,3,0.1,10797.3,3,Net Banking
O00217,2026-04-26,C0010,P022,3,0.0,2097.0,3,UPI
O00218,2026-04-11,C0217,P022,3,0.1,1887.3,5,Debit Card
O00219,2026-07-13,C0158,P029,2,0.05,1708.1,5,Cash
O00220,2026-05-09,C0122,P026,1,0.0,199.0,2,Debit Card
O00221,2026-07-25,C0062,P012,4,0.15,8496.6,3,Net Banking
O00222,2026-02-05,C0219,P007,3,0.1,4317.3,4,Net Banking
O00223,2026-07-09,C0234,P011,3,0.1,8097.3,4,Net Banking
O00224,2026-05-17,C0222,P013,4,0.1,5396.4,4,UPI
O00225,2026-04-05,C0010,P006,3,0.0,11997.0,5,Net Banking
O00226,2026-03-20,C0028,P029,1,0.15,764.15,4,Net Banking
O00227,2026-05-28,C0108,P016,2,0.0,17998.0,5,Credit Card
O00228,2026-05-15,C0193,P023,4,0.05,3036.2,5,Credit Card
O00229,2026-01-09,C0273,P028,1,0.05,474.05,1,Debit Card
O00230,2026-04-18,C0142,P010,2,0.15,1188.3,5,Cash
O00231,2026-05-09,C0181,P023,4,0.0,3196.0,5,Net Banking
O00232,2026-02-23,C0068,P001,3,0.15,5097.45,5,Debit Card
O00233,2026-09-02,C0024,P003,2,0.15,5948.3,5,Debit Card
O00234,2026-05-20,C0060,P024,3,0.1,1617.3,5,Credit Card
O00235,2026-09-03,C0183,P005,2,0.1,2338.2,5,Credit Card
O00236,2026-08-30,C0094,P009,3,0.1,8097.3,5,Cash
O00237,2026-03-23,C0124,P007,4,0.1,5756.4,5,Debit Card
O00238,2026-03-15,C0257,P015,1,0.15,1529.15,5,Cash
O00239,2026-07-29,C0219,P008,3,0.05,6552.15,4,Debit Card
O00240,2026-09-02,C0020,P002,1,0.1,2249.1,5,Debit Card
O00241,2026-07-11,C0075,P029,4,0.05,3416.2,4,Net Banking
O00242,2026-03-11,C0010,P018,3,0.05,3702.15,3,Net Banking
O00243,2026-03-03,C0169,P016,2,0.0,17998.0,5,Net Banking
O00244,2026-02-27,C0188,P018,2,0.0,2598.0,3,Debit Card
O00245,2026-07-03,C0164,P009,4,0.0,11996.0,5,Credit Card
O00246,2026-01-02,C0091,P030,2,0.15,5098.3,5,Cash
O00247,2026-05-03,C0071,P004,2,0.1,2698.2,4,UPI
O00248,2026-08-21,C0119,P023,1,0.05,759.05,5,UPI
O00249,2026-08-22,C0296,P015,2,0.15,3058.3,5,Credit Card
O00250,2026-08-28,C0271,P012,1,0.15,2124.15,5,Credit Card
O00251,2026-08-28,C0237,P003,3,0.0,10497.0,1,Net Banking
O00252,2026-06-04,C0069,P023,1,0.1,719.1,4,Net Banking
O00253,2026-05-15,C0178,P018,4,0.05,4936.2,5,Cash
O00254,2026-03-11,C0016,P016,2,0.0,17998.0,4,Cash
O00255,2026-06-15,C0069,P015,3,0.05,5127.15,1,Debit Card
O00256,2026-07-22,C0098,P018,3,0.05,3702.15,4,Cash
O00257,2026-07-31,C0024,P007,4,0.1,5756.4,3,UPI
O00258,2026-02-17,C0207,P024,2,0.15,1018.3,4,Credit Card
O00259,2026-01-02,C0212,P030,3,0.15,7647.45,4,Debit Card
O00260,2026-09-02,C0257,P023,3,0.1,2157.3,5,Net Banking
O00261,2026-01-03,C0029,P010,3,0.1,1887.3,5,UPI
O00262,2026-06-20,C0013,P001,1,0.15,1699.15,4,Cash
O00263,2026-06-25,C0033,P003,3,0.0,10497.0,5,Debit Card
O00264,2026-04-05,C0260,P021,2,0.05,948.1,5,Cash
O00265,2026-02-09,C0044,P028,4,0.1,1796.4,4,Net Banking
O00266,2026-08-22,C0020,P015,4,0.05,6836.2,5,Net Banking
O00267,2026-08-12,C0126,P027,1,0.15,211.65,5,Debit Card
O00268,2026-01-20,C0155,P007,1,0.0,1599.0,5,Net Banking
O00269,2026-02-21,C0152,P008,2,0.05,4368.1,4,Net Banking
O00270,2026-04-24,C0243,P017,1,0.05,7124.05,5,Cash
O00271,2026-01-24,C0291,P019,4,0.0,2796.0,4,Net Banking
O00272,2026-04-17,C0034,P004,4,0.0,5996.0,5,Debit Card
O00273,2026-07-05,C0263,P007,1,0.15,1359.15,4,UPI
O00274,2026-07-10,C0202,P026,2,0.0,398.0,2,Debit Card
O00275,2026-06-29,C0072,P010,1,0.0,699.0,5,UPI
O00276,2026-08-28,C0274,P025,4,0.0,5996.0,4,Credit Card
O00277,2026-07-16,C0067,P025,2,0.15,2548.3,4,Cash
O00278,2026-04-25,C0086,P030,4,0.15,10196.6,3,Net Banking
O00279,2026-02-04,C0275,P015,3,0.0,5397.0,4,Net Banking
O00280,2026-04-11,C0085,P024,2,0.05,1138.1,5,UPI
O00281,2026-09-08,C0244,P019,3,0.15,1782.45,5,Net Banking
O00282,2026-04-19,C0290,P007,4,0.05,6076.2,4,Debit Card
O00283,2026-02-09,C0038,P008,3,0.05,6552.15,5,UPI
O00284,2026-01-09,C0082,P017,4,0.0,29996.0,4,UPI
O00285,2026-01-26,C0175,P007,1,0.15,1359.15,5,UPI
O00286,2026-03-04,C0042,P004,1,0.15,1274.15,4,Net Banking
O00287,2026-02-25,C0037,P023,1,0.05,759.05,4,Debit Card
O00288,2026-03-01,C0221,P022,3,0.1,1887.3,4,Credit Card
O00289,2026-06-19,C0268,P029,2,0.15,1528.3,4,UPI
O00290,2026-05-23,C0176,P009,2,0.15,5098.3,5,UPI
O00291,2026-09-06,C0271,P006,3,0.15,10197.45,5,Debit Card
O00292,2026-06-28,C0094,P029,4,0.15,3056.6,3,Cash
O00293,2026-02-17,C0184,P012,4,0.05,9496.2,5,Debit Card
O00294,2026-08-08,C0138,P007,2,0.15,2718.3,5,Net Banking
O00295,2026-04-16,C0084,P012,4,0.05,9496.2,4,Debit Card
O00296,2026-02-22,C0041,P028,3,0.0,1497.0,5,Debit Card
O00297,2026-01-24,C0211,P016,2,0.0,17998.0,4,Net Banking
O00298,2026-06-04,C0071,P005,1,0.0,1299.0,4,Net Banking
O00299,2026-07-05,C0239,P010,2,0.15,1188.3,4,Debit Card
O00300,2026-03-19,C0103,P022,1,0.05,664.05,5,UPI
O00301,2026-07-11,C0036,P011,4,0.05,11396.2,5,Credit Card
O00302,2026-04-12,C0020,P015,2,0.1,3238.2,5,Cash
O00303,2026-04-30,C0130,P014,3,0.1,2157.3,4,Net Banking
O00304,2026-08-14,C0138,P019,4,0.15,2376.6,3,Cash
O00305,2026-07-14,C0261,P024,3,0.05,1707.15,4,Cash
O00306,2026-01-12,C0214,P019,2,0.05,1328.1,1,Net Banking
O00307,2026-08-28,C0159,P024,4,0.1,2156.4,3,Debit Card
O00308,2026-02-28,C0019,P011,4,0.05,11396.2,4,Debit Card
O00309,2026-03-07,C0066,P006,4,0.15,13596.6,4,Debit Card
O00310,2026-02-13,C0002,P029,2,0.15,1528.3,4,Net Banking
O00311,2026-06-14,C0100,P025,1,0.0,1499.0,5,UPI
O00312,2026-08-30,C0052,P028,1,0.0,499.0,4,Credit Card
O00313,2026-01-18,C0241,P025,2,0.0,2998.0,4,Cash
O00314,2026-04-06,C0015,P025,1,0.15,1274.15,5,UPI
O00315,2026-01-02,C0107,P004,4,0.0,5996.0,1,Debit Card
O00316,2026-05-18,C0027,P010,3,0.0,2097.0,4,Cash
O00317,2026-07-26,C0027,P022,2,0.0,1398.0,5,Net Banking
O00318,2026-02-08,C0279,P005,2,0.05,2468.1,5,Debit Card
O00319,2026-07-28,C0229,P027,3,0.1,672.3,5,UPI
O00320,2026-04-06,C0141,P001,4,0.15,6796.6,5,Credit Card
O00321,2026-03-18,C0268,P006,1,0.0,3999.0,3,Cash
O00322,2026-04-07,C0054,P011,4,0.0,11996.0,5,Credit Card
O00323,2026-01-22,C0137,P008,4,0.15,7816.6,5,Debit Card
O00324,2026-05-25,C0182,P020,1,0.0,4499.0,4,Net Banking
O00325,2026-05-02,C0042,P003,3,0.0,10497.0,5,Debit Card
O00326,2026-08-19,C0186,P006,1,0.05,3799.05,5,Debit Card
O00327,2026-01-05,C0093,P016,2,0.05,17098.1,5,Cash
O00328,2026-08-26,C0165,P009,1,0.1,2699.1,4,Credit Card
O00329,2026-05-26,C0011,P029,4,0.1,3236.4,4,Credit Card
O00330,2026-07-22,C0177,P012,1,0.1,2249.1,2,Cash
O00331,2026-03-01,C0232,P007,1,0.1,1439.1,5,Net Banking
O00332,2026-09-02,C0218,P022,4,0.1,2516.4,2,Debit Card
O00333,2026-07-20,C0273,P005,4,0.15,4416.6,4,Net Banking
O00334,2026-08-29,C0228,P003,4,0.15,11896.6,4,Net Banking
O00335,2026-06-19,C0115,P016,4,0.0,35996.0,5,Debit Card
O00336,2026-07-24,C0151,P007,2,0.0,3198.0,3,Credit Card
O00337,2026-04-08,C0058,P005,2,0.15,2208.3,4,UPI
O00338,2026-01-24,C0021,P011,1,0.1,2699.1,4,Debit Card
O00339,2026-01-27,C0283,P024,2,0.0,1198.0,4,Cash
O00340,2026-05-23,C0221,P006,4,0.0,15996.0,2,Debit Card
O00341,2026-05-22,C0128,P005,1,0.1,1169.1,5,UPI
O00342,2026-03-16,C0050,P029,4,0.15,3056.6,5,Net Banking
O00343,2026-08-20,C0199,P015,2,0.05,3418.1,5,Credit Card
O00344,2026-02-05,C0232,P001,3,0.1,5397.3,4,Credit Card
O00345,2026-01-17,C0130,P028,2,0.15,848.3,4,Debit Card
O00346,2026-05-04,C0139,P029,1,0.1,809.1,4,Credit Card
O00347,2026-07-04,C0073,P006,4,0.05,15196.2,4,Credit Card
O00348,2026-03-19,C0158,P013,1,0.15,1274.15,4,Net Banking
O00349,2026-04-08,C0123,P003,3,0.15,8922.45,4,Net Banking
O00350,2026-02-04,C0148,P022,3,0.1,1887.3,5,Credit Card
O00351,2026-05-03,C0023,P013,3,0.05,4272.15,5,Debit Card
O00352,2026-03-16,C0063,P007,4,0.05,6076.2,4,Debit Card
O00353,2026-07-29,C0269,P025,4,0.1,5396.4,3,Net Banking
O00354,2026-02-21,C0006,P023,2,0.0,1598.0,5,Cash
O00355,2026-08-30,C0274,P030,2,0.15,5098.3,5,UPI
O00356,2026-07-29,C0004,P018,4,0.15,4416.6,3,Debit Card
O00357,2026-03-03,C0162,P018,3,0.05,3702.15,5,Cash
O00358,2026-01-19,C0225,P001,4,0.15,6796.6,5,Net Banking
O00359,2026-05-10,C0074,P029,4,0.0,3596.0,5,Debit Card
O00360,2026-06-29,C0114,P004,1,0.0,1499.0,5,Debit Card
O00361,2026-02-12,C0032,P001,1,0.15,1699.15,5,Debit Card
O00362,2026-09-05,C0113,P002,4,0.0,9996.0,1,Debit Card
O00363,2026-02-26,C0153,P020,2,0.15,7648.3,4,Cash
O00364,2026-07-17,C0110,P024,2,0.1,1078.2,5,Cash
O00365,2026-01-27,C0257,P030,3,0.15,7647.45,5,UPI
O00366,2026-01-30,C0095,P022,2,0.1,1258.2,4,Cash
O00367,2026-07-20,C0040,P019,2,0.15,1188.3,4,UPI
O00368,2026-04-23,C0157,P012,4,0.1,8996.4,3,UPI
O00369,2026-07-27,C0048,P020,1,0.0,4499.0,5,UPI
O00370,2026-06-23,C0299,P002,2,0.05,4748.1,5,Net Banking
O00371,2026-02-10,C0237,P027,3,0.15,634.95,5,Credit Card
O00372,2026-07-24,C0157,P007,4,0.05,6076.2,4,Cash
O00373,2026-04-12,C0269,P013,1,0.05,1424.05,4,Cash
O00374,2026-04-10,C0117,P016,1,0.05,8549.05,4,UPI
O00375,2026-05-28,C0087,P009,1,0.05,2849.05,4,Credit Card
O00376,2026-04-28,C0236,P017,1,0.1,6749.1,5,Cash
O00377,2026-05-16,C0282,P013,3,0.15,3822.45,5,Net Banking
O00378,2026-01-30,C0116,P008,3,0.1,6207.3,5,Net Banking
O00379,2026-02-14,C0206,P002,3,0.0,7497.0,5,Debit Card
O00380,2026-01-31,C0095,P030,2,0.1,5398.2,3,Debit Card
O00381,2026-06-27,C0267,P020,2,0.15,7648.3,4,Credit Card
O00382,2026-05-28,C0120,P004,4,0.15,5096.6,4,Net Banking
O00383,2026-06-27,C0265,P007,2,0.05,3038.1,4,Credit Card
O00384,2026-02-17,C0260,P009,3,0.15,7647.45,5,Debit Card
O00385,2026-09-01,C0076,P013,1,0.15,1274.15,3,Cash
O00386,2026-09-04,C0193,P016,4,0.15,30596.6,5,Cash
O00387,2026-07-01,C0182,P014,4,0.15,2716.6,4,Net Banking
O00388,2026-01-08,C0058,P027,2,0.1,448.2,2,Credit Card
O00389,2026-05-18,C0225,P013,3,0.05,4272.15,5,Net Banking
O00390,2026-07-10,C0073,P009,4,0.0,11996.0,5,Debit Card
O00391,2026-07-18,C0074,P010,3,0.0,2097.0,5,Cash
O00392,2026-05-20,C0127,P015,2,0.15,3058.3,3,Credit Card
O00393,2026-03-18,C0289,P015,1,0.15,1529.15,4,UPI
O00394,2026-04-23,C0197,P025,1,0.05,1424.05,4,Net Banking
O00395,2026-06-26,C0160,P001,3,0.15,5097.45,4,Credit Card
O00396,2026-07-20,C0221,P015,2,0.05,3418.1,5,Net Banking
O00397,2026-03-31,C0174,P005,3,0.05,3702.15,4,Debit Card
O00398,2026-03-16,C0270,P007,3,0.0,4797.0,3,Cash
O00399,2026-08-24,C0010,P013,1,0.1,1349.1,5,Credit Card
O00400,2026-06-29,C0188,P010,2,0.05,1328.1,3,Debit Card
O00401,2026-08-01,C0245,P010,2,0.15,1188.3,4,Net Banking
O00402,2026-06-11,C0282,P015,3,0.15,4587.45,4,UPI
O00403,2026-06-12,C0142,P020,1,0.15,3824.15,5,Debit Card
O00404,2026-06-27,C0230,P029,3,0.15,2292.45,5,Debit Card
O00405,2026-05-29,C0199,P020,1,0.0,4499.0,5,Cash
O00406,2026-06-12,C0052,P006,3,0.0,11997.0,5,Cash
O00407,2026-02-25,C0104,P011,4,0.05,11396.2,4,Debit Card
O00408,2026-08-01,C0100,P021,3,0.1,1347.3,5,Credit Card
O00409,2026-05-25,C0181,P022,4,0.1,2516.4,5,UPI
O00410,2026-01-12,C0127,P025,1,0.15,1274.15,1,Credit Card
O00411,2026-04-23,C0220,P022,4,0.0,2796.0,5,Cash
O00412,2026-02-21,C0213,P022,2,0.1,1258.2,3,Debit Card
O00413,2026-01-24,C0069,P016,3,0.1,24297.3,3,Credit Card
O00414,2026-01-14,C0075,P001,4,0.1,7196.4,5,Credit Card
O00415,2026-04-20,C0209,P020,1,0.0,4499.0,1,Cash
O00416,2026-01-20,C0027,P030,2,0.05,5698.1,5,Cash
O00417,2026-01-03,C0244,P024,1,0.1,539.1,5,Cash
O00418,2026-06-27,C0192,P020,2,0.15,7648.3,3,Cash
O00419,2026-01-23,C0009,P022,1,0.0,699.0,4,Debit Card
O00420,2026-02-05,C0227,P009,4,0.05,11396.2,5,Credit Card
O00421,2026-01-18,C0043,P018,1,0.05,1234.05,4,Credit Card
O00422,2026-06-10,C0227,P012,2,0.15,4248.3,5,Cash
O00423,2026-08-09,C0132,P015,2,0.0,3598.0,5,Credit Card
O00424,2026-07-12,C0087,P030,1,0.15,2549.15,4,Cash
O00425,2026-03-22,C0130,P029,2,0.05,1708.1,4,UPI
O00426,2026-03-05,C0199,P010,3,0.0,2097.0,5,Debit Card
O00427,2026-02-22,C0030,P027,2,0.15,423.3,4,UPI
O00428,2026-07-20,C0264,P004,2,0.15,2548.3,4,Credit Card
O00429,2026-05-08,C0062,P004,1,0.0,1499.0,5,Debit Card
O00430,2026-02-03,C0203,P029,4,0.15,3056.6,4,Credit Card
O00431,2026-07-15,C0299,P018,4,0.0,5196.0,1,UPI
O00432,2026-01-04,C0179,P009,3,0.05,8547.15,2,UPI
O00433,2026-08-31,C0130,P005,4,0.1,4676.4,5,Net Banking
O00434,2026-07-16,C0258,P019,4,0.15,2376.6,5,UPI
O00435,2026-06-13,C0185,P024,2,0.1,1078.2,3,UPI
O00436,2026-05-11,C0184,P023,2,0.05,1518.1,5,Cash
O00437,2026-05-31,C0176,P004,1,0.1,1349.1,5,Credit Card
O00438,2026-01-15,C0089,P026,2,0.0,398.0,5,UPI
O00439,2026-04-27,C0157,P020,1,0.1,4049.1,5,Credit Card
O00440,2026-01-31,C0026,P003,1,0.05,3324.05,5,Credit Card
O00441,2026-05-08,C0196,P004,3,0.1,4047.3,4,Credit Card
O00442,2026-07-11,C0023,P016,3,0.0,26997.0,5,UPI
O00443,2026-03-27,C0157,P014,4,0.1,2876.4,5,Debit Card
O00444,2026-07-02,C0260,P024,1,0.15,509.15,4,Debit Card
O00445,2026-01-15,C0276,P011,4,0.05,11396.2,4,Debit Card
O00446,2026-07-17,C0090,P027,1,0.0,249.0,4,Net Banking
O00447,2026-01-01,C0054,P015,1,0.0,1799.0,4,Cash
O00448,2026-04-04,C0003,P018,4,0.05,4936.2,4,UPI
O00449,2026-05-22,C0295,P017,4,0.05,28496.2,4,Cash
O00450,2026-08-23,C0286,P016,3,0.1,24297.3,5,Net Banking
O00451,2026-04-06,C0231,P011,1,0.0,2999.0,4,Net Banking
O00452,2026-01-12,C0237,P022,4,0.0,2796.0,5,Debit Card
O00453,2026-07-18,C0262,P022,3,0.1,1887.3,3,Cash
O00454,2026-01-03,C0182,P004,3,0.05,4272.15,4,Debit Card
O00455,2026-07-09,C0292,P001,2,0.15,3398.3,4,Cash
O00456,2026-07-17,C0172,P001,2,0.05,3798.1,3,Cash
O00457,2026-01-07,C0149,P030,2,0.1,5398.2,5,UPI
O00458,2026-09-01,C0111,P004,3,0.0,4497.0,5,Cash
O00459,2026-08-06,C0238,P025,3,0.0,4497.0,4,Credit Card
O00460,2026-04-18,C0081,P023,4,0.0,3196.0,5,Credit Card
O00461,2026-07-02,C0096,P009,3,0.0,8997.0,2,Credit Card
O00462,2026-08-18,C0175,P021,4,0.1,1796.4,4,UPI
O00463,2026-05-29,C0047,P001,1,0.05,1899.05,5,Cash
O00464,2026-01-20,C0102,P014,1,0.15,679.15,5,Credit Card
O00465,2026-03-02,C0238,P014,3,0.1,2157.3,5,Cash
O00466,2026-06-29,C0038,P003,3,0.1,9447.3,4,Credit Card
O00467,2026-01-20,C0101,P014,2,0.05,1518.1,5,Net Banking
O00468,2026-01-28,C0165,P019,2,0.0,1398.0,4,Cash
O00469,2026-03-22,C0037,P023,4,0.0,3196.0,5,Credit Card
O00470,2026-04-26,C0019,P019,3,0.15,1782.45,4,UPI
O00471,2026-01-24,C0126,P026,2,0.1,358.2,5,Net Banking
O00472,2026-01-11,C0017,P005,2,0.1,2338.2,3,Credit Card
O00473,2026-09-05,C0262,P023,3,0.15,2037.45,5,Debit Card
O00474,2026-03-08,C0153,P030,2,0.0,5998.0,5,Cash
O00475,2026-05-23,C0218,P025,2,0.0,2998.0,4,Credit Card
O00476,2026-02-01,C0126,P008,1,0.0,2299.0,5,Credit Card
O00477,2026-02-03,C0210,P010,2,0.15,1188.3,4,UPI
O00478,2026-05-30,C0047,P013,3,0.0,4497.0,2,UPI
O00479,2026-02-20,C0078,P008,4,0.05,8736.2,3,Debit Card
O00480,2026-02-01,C0036,P018,1,0.15,1104.15,2,Net Banking
O00481,2026-04-21,C0065,P008,4,0.15,7816.6,2,Cash
O00482,2026-02-14,C0104,P013,3,0.05,4272.15,5,Debit Card
O00483,2026-03-13,C0137,P011,4,0.05,11396.2,2,Net Banking
O00484,2026-06-07,C0096,P026,2,0.1,358.2,4,Net Banking
O00485,2026-05-03,C0196,P020,1,0.0,4499.0,4,Credit Card
O00486,2026-04-18,C0138,P019,2,0.05,1328.1,5,Net Banking
O00487,2026-07-23,C0024,P005,1,0.15,1104.15,5,Debit Card
O00488,2026-05-03,C0169,P015,4,0.1,6476.4,5,Net Banking
O00489,2026-03-24,C0089,P006,4,0.1,14396.4,4,Debit Card
O00490,2026-06-02,C0262,P022,2,0.0,1398.0,5,Debit Card
O00491,2026-01-15,C0096,P012,4,0.1,8996.4,5,Credit Card
O00492,2026-09-07,C0172,P021,2,0.0,998.0,4,Credit Card
O00493,2026-03-10,C0089,P023,1,0.05,759.05,5,Cash
O00494,2026-04-01,C0111,P007,2,0.05,3038.1,4,Debit Card
O00495,2026-07-26,C0177,P018,3,0.0,3897.0,5,Debit Card
O00496,2026-08-31,C0071,P017,2,0.05,14248.1,5,Cash
O00497,2026-05-19,C0286,P023,3,0.05,2277.15,4,UPI
O00498,2026-01-15,C0158,P007,2,0.05,3038.1,1,Cash
O00499,2026-01-01,C0182,P007,3,0.05,4557.15,5,Debit Card
O00500,2026-07-03,C0191,P006,2,0.1,7198.2,2,Credit Card
O00501,2026-05-31,C0271,P025,2,0.0,2998.0,5,Debit Card
O00502,2026-09-03,C0163,P002,1,0.1,2249.1,5,Cash
O00503,2026-05-31,C0096,P015,1,0.1,1619.1,4,Credit Card
O00504,2026-09-07,C0241,P022,2,0.15,1188.3,5,Cash
O00505,2026-06-16,C0156,P028,3,0.05,1422.15,5,Net Banking
O00506,2026-06-27,C0211,P028,3,0.05,1422.15,5,Credit Card
O00507,2026-04-07,C0242,P005,3,0.1,3507.3,3,UPI
O00508,2026-08-31,C0103,P020,4,0.0,17996.0,4,Debit Card
O00509,2026-08-24,C0036,P021,2,0.0,998.0,5,Credit Card
O00510,2026-03-26,C0146,P010,1,0.05,664.05,4,Debit Card
O00511,2026-02-12,C0181,P023,1,0.1,719.1,4,Debit Card
O00512,2026-02-23,C0137,P016,2,0.0,17998.0,4,UPI
O00513,2026-07-04,C0138,P018,1,0.0,1299.0,4,Cash
O00514,2026-09-06,C0034,P018,2,0.15,2208.3,4,Cash
O00515,2026-03-31,C0257,P021,4,0.0,1996.0,5,Net Banking
O00516,2026-06-16,C0167,P030,2,0.05,5698.1,4,UPI
O00517,2026-03-17,C0149,P026,1,0.1,179.1,4,UPI
O00518,2026-01-19,C0286,P030,3,0.05,8547.15,5,Credit Card
O00519,2026-07-07,C0135,P001,1,0.0,1999.0,4,Net Banking
O00520,2026-08-17,C0009,P002,4,0.0,9996.0,4,Credit Card
O00521,2026-06-05,C0153,P003,4,0.05,13296.2,2,Debit Card
O00522,2026-02-22,C0032,P002,2,0.15,4248.3,5,Net Banking
O00523,2026-03-09,C0274,P020,3,0.1,12147.3,4,UPI
O00524,2026-04-11,C0013,P010,4,0.05,2656.2,2,UPI
O00525,2026-04-20,C0129,P014,1,0.1,719.1,5,Net Banking
O00526,2026-05-03,C0047,P027,2,0.0,498.0,2,Credit Card
O00527,2026-06-13,C0226,P008,3,0.0,6897.0,4,UPI
O00528,2026-03-20,C0082,P012,4,0.15,8496.6,4,Debit Card
O00529,2026-01-24,C0207,P003,4,0.05,13296.2,4,Cash
O00530,2026-04-05,C0250,P017,2,0.15,12748.3,2,Cash
O00531,2026-04-30,C0275,P025,3,0.05,4272.15,5,Net Banking
O00532,2026-01-16,C0050,P016,2,0.0,17998.0,3,Debit Card
O00533,2026-07-26,C0054,P030,4,0.05,11396.2,5,Cash
O00534,2026-07-29,C0067,P013,4,0.15,5096.6,5,Credit Card
O00535,2026-05-02,C0276,P027,3,0.0,747.0,4,UPI
O00536,2026-05-09,C0210,P014,2,0.0,1598.0,5,Cash
O00537,2026-02-14,C0025,P010,2,0.05,1328.1,5,Credit Card
O00538,2026-01-11,C0225,P028,4,0.0,1996.0,5,Cash
O00539,2026-02-21,C0146,P013,2,0.1,2698.2,4,UPI
O00540,2026-01-23,C0032,P028,4,0.15,1696.6,5,Debit Card
O00541,2026-05-14,C0063,P007,4,0.0,6396.0,5,Net Banking
O00542,2026-05-31,C0252,P008,4,0.0,9196.0,4,Credit Card
O00543,2026-05-26,C0107,P010,1,0.0,699.0,5,UPI
O00544,2026-07-21,C0043,P022,3,0.1,1887.3,5,Debit Card
O00545,2026-04-09,C0096,P025,4,0.15,5096.6,2,Debit Card
O00546,2026-04-14,C0106,P015,2,0.15,3058.3,2,Debit Card
O00547,2026-06-26,C0020,P028,2,0.0,998.0,5,Debit Card
O00548,2026-08-18,C0267,P003,3,0.0,10497.0,4,Debit Card
O00549,2026-03-21,C0036,P013,3,0.15,3822.45,5,UPI
O00550,2026-09-06,C0114,P016,2,0.05,17098.1,4,Cash
O00551,2026-07-18,C0064,P023,3,0.1,2157.3,5,Net Banking
O00552,2026-06-15,C0218,P030,1,0.05,2849.05,4,Cash
O00553,2026-07-09,C0082,P025,4,0.1,5396.4,5,Net Banking
O00554,2026-07-22,C0112,P029,2,0.0,1798.0,4,Net Banking
O00555,2026-04-14,C0004,P017,2,0.0,14998.0,4,Credit Card
O00556,2026-08-03,C0286,P009,1,0.05,2849.05,2,UPI
O00557,2026-08-24,C0201,P018,3,0.05,3702.15,4,Cash
O00558,2026-05-10,C0111,P022,4,0.0,2796.0,5,Credit Card
O00559,2026-04-06,C0167,P021,4,0.15,1696.6,4,Cash
O00560,2026-05-31,C0049,P022,3,0.1,1887.3,4,Debit Card
O00561,2026-07-11,C0214,P026,1,0.1,179.1,2,UPI
O00562,2026-02-11,C0159,P018,2,0.05,2468.1,5,Credit Card
O00563,2026-03-10,C0173,P007,4,0.0,6396.0,5,UPI
O00564,2026-05-02,C0042,P023,2,0.05,1518.1,5,UPI
O00565,2026-02-27,C0110,P002,3,0.1,6747.3,5,Debit Card
O00566,2026-04-19,C0296,P018,4,0.1,4676.4,4,Credit Card
O00567,2026-04-30,C0231,P028,3,0.15,1272.45,5,UPI
O00568,2026-05-11,C0175,P005,3,0.1,3507.3,4,UPI
O00569,2026-05-04,C0258,P001,1,0.1,1799.1,5,Debit Card
O00570,2026-08-09,C0126,P024,3,0.1,1617.3,5,Debit Card
O00571,2026-02-18,C0181,P002,2,0.05,4748.1,5,Net Banking
O00572,2026-04-14,C0087,P005,3,0.05,3702.15,5,Cash
O00573,2026-03-17,C0153,P008,3,0.15,5862.45,4,UPI
O00574,2026-05-30,C0016,P027,2,0.1,448.2,5,Credit Card
O00575,2026-06-25,C0064,P011,4,0.1,10796.4,4,Credit Card
O00576,2026-08-04,C0278,P021,2,0.1,898.2,3,Credit Card
O00577,2026-07-09,C0096,P019,3,0.05,1992.15,5,Debit Card
O00578,2026-06-17,C0155,P004,1,0.05,1424.05,4,Debit Card
O00579,2026-04-18,C0127,P022,3,0.1,1887.3,4,Debit Card
O00580,2026-04-29,C0107,P025,1,0.15,1274.15,2,Net Banking
O00581,2026-05-29,C0227,P018,1,0.15,1104.15,5,Net Banking
O00582,2026-01-31,C0013,P014,4,0.1,2876.4,4,Credit Card
O00583,2026-02-05,C0029,P018,2,0.1,2338.2,4,Net Banking
O00584,2026-08-17,C0138,P015,4,0.05,6836.2,4,Credit Card
O00585,2026-07-19,C0090,P023,1,0.15,679.15,4,Credit Card
O00586,2026-03-22,C0248,P008,1,0.0,2299.0,4,Credit Card
O00587,2026-07-14,C0042,P014,2,0.05,1518.1,4,UPI
O00588,2026-02-03,C0143,P027,4,0.15,846.6,4,Cash
O00589,2026-04-09,C0098,P020,1,0.0,4499.0,5,Debit Card
O00590,2026-09-01,C0192,P007,1,0.1,1439.1,5,Net Banking
O00591,2026-02-18,C0252,P017,1,0.0,7499.0,5,Credit Card
O00592,2026-02-27,C0058,P019,3,0.1,1887.3,3,Cash
O00593,2026-05-09,C0052,P024,3,0.05,1707.15,3,UPI
O00594,2026-03-18,C0034,P001,3,0.15,5097.45,5,Net Banking
O00595,2026-05-15,C0100,P001,3,0.15,5097.45,5,Credit Card
O00596,2026-03-29,C0096,P017,4,0.1,26996.4,5,Credit Card
O00597,2026-08-31,C0298,P021,4,0.0,1996.0,4,Credit Card
O00598,2026-02-24,C0138,P015,1,0.05,1709.05,3,UPI
O00599,2026-04-07,C0069,P023,3,0.0,2397.0,5,UPI
O00600,2026-06-19,C0285,P030,1,0.0,2999.0,2,UPI
O00601,2026-04-17,C0127,P015,4,0.15,6116.6,3,Debit Card
O00602,2026-05-02,C0084,P016,2,0.05,17098.1,5,UPI
O00603,2026-03-19,C0255,P019,4,0.0,2796.0,5,Debit Card
O00604,2026-06-09,C0070,P019,2,0.15,1188.3,5,UPI
O00605,2026-05-11,C0295,P021,1,0.1,449.1,3,UPI
O00606,2026-05-08,C0257,P028,2,0.05,948.1,5,Net Banking
O00607,2026-09-07,C0045,P011,2,0.1,5398.2,5,Debit Card
O00608,2026-02-11,C0244,P017,1,0.15,6374.15,5,Cash
O00609,2026-03-26,C0221,P015,2,0.0,3598.0,1,UPI
O00610,2026-08-21,C0131,P001,1,0.15,1699.15,3,UPI
O00611,2026-07-19,C0015,P010,1,0.0,699.0,5,Credit Card
O00612,2026-04-27,C0186,P021,3,0.1,1347.3,4,UPI
O00613,2026-07-28,C0104,P005,2,0.0,2598.0,5,Debit Card
O00614,2026-07-25,C0224,P009,3,0.15,7647.45,5,UPI
O00615,2026-08-06,C0269,P022,1,0.0,699.0,5,Credit Card
O00616,2026-03-26,C0298,P008,3,0.15,5862.45,5,Debit Card
O00617,2026-08-13,C0113,P017,1,0.1,6749.1,5,Credit Card
O00618,2026-01-30,C0066,P003,4,0.15,11896.6,5,Debit Card
O00619,2026-08-02,C0176,P002,4,0.15,8496.6,5,Credit Card
O00620,2026-01-29,C0020,P009,2,0.0,5998.0,5,Credit Card
O00621,2026-01-27,C0146,P007,4,0.15,5436.6,5,Cash
O00622,2026-02-16,C0018,P016,4,0.1,32396.4,5,Credit Card
O00623,2026-05-04,C0205,P011,4,0.0,11996.0,5,Cash
O00624,2026-01-12,C0222,P010,1,0.1,629.1,5,UPI
O00625,2026-06-30,C0148,P027,2,0.1,448.2,5,Net Banking
O00626,2026-01-25,C0022,P019,4,0.05,2656.2,4,Cash
O00627,2026-02-08,C0072,P017,1,0.0,7499.0,5,Credit Card
O00628,2026-05-10,C0025,P010,4,0.15,2376.6,5,UPI
O00629,2026-07-12,C0159,P019,4,0.1,2516.4,4,Debit Card
O00630,2026-01-13,C0194,P028,2,0.15,848.3,4,Credit Card
O00631,2026-01-21,C0086,P019,4,0.15,2376.6,5,Cash
O00632,2026-01-23,C0047,P017,4,0.15,25496.6,4,Cash
O00633,2026-07-10,C0063,P017,1,0.0,7499.0,4,UPI
O00634,2026-05-23,C0094,P005,1,0.0,1299.0,5,Net Banking
O00635,2026-06-13,C0016,P009,3,0.05,8547.15,5,Cash
O00636,2026-09-01,C0127,P025,3,0.1,4047.3,5,Credit Card
O00637,2026-08-05,C0282,P009,4,0.1,10796.4,5,Net Banking
O00638,2026-06-03,C0067,P007,4,0.1,5756.4,5,UPI
O00639,2026-01-25,C0177,P004,2,0.0,2998.0,4,Debit Card
O00640,2026-05-21,C0167,P006,3,0.0,11997.0,2,Credit Card
O00641,2026-05-07,C0169,P006,2,0.15,6798.3,3,Net Banking
O00642,2026-02-20,C0069,P015,2,0.0,3598.0,5,Cash
O00643,2026-02-25,C0181,P027,4,0.05,946.2,5,UPI
O00644,2026-07-13,C0209,P010,4,0.0,2796.0,5,Net Banking
O00645,2026-02-01,C0002,P028,4,0.15,1696.6,5,Net Banking
O00646,2026-02-04,C0076,P025,4,0.0,5996.0,5,UPI
O00647,2026-05-22,C0075,P005,4,0.15,4416.6,5,Credit Card
O00648,2026-06-27,C0092,P028,2,0.05,948.1,3,Net Banking
O00649,2026-06-05,C0211,P003,3,0.15,8922.45,4,Net Banking
O00650,2026-08-23,C0253,P009,2,0.1,5398.2,4,Debit Card
O00651,2026-09-06,C0242,P012,3,0.15,6372.45,5,Credit Card
O00652,2026-04-16,C0286,P007,3,0.1,4317.3,5,Net Banking
O00653,2026-06-11,C0191,P014,2,0.05,1518.1,4,Debit Card
O00654,2026-06-25,C0010,P028,3,0.05,1422.15,5,Credit Card
O00655,2026-05-09,C0252,P009,3,0.0,8997.0,5,Net Banking
O00656,2026-05-03,C0120,P015,4,0.1,6476.4,5,Cash
O00657,2026-07-26,C0228,P002,1,0.0,2499.0,2,Credit Card
O00658,2026-01-14,C0266,P023,1,0.05,759.05,4,Credit Card
O00659,2026-03-15,C0109,P025,3,0.05,4272.15,5,Debit Card
O00660,2026-02-22,C0198,P029,1,0.1,809.1,5,UPI
O00661,2026-06-07,C0028,P030,2,0.15,5098.3,4,Debit Card
O00662,2026-06-27,C0014,P029,1,0.15,764.15,4,Debit Card
O00663,2026-09-05,C0153,P015,1,0.0,1799.0,5,Credit Card
O00664,2026-06-08,C0086,P009,4,0.05,11396.2,5,Debit Card
O00665,2026-07-13,C0201,P004,2,0.05,2848.1,4,Credit Card
O00666,2026-06-24,C0179,P009,1,0.05,2849.05,5,Net Banking
O00667,2026-01-31,C0123,P007,4,0.0,6396.0,4,Net Banking
O00668,2026-03-09,C0188,P025,2,0.05,2848.1,5,Debit Card
O00669,2026-01-02,C0277,P010,3,0.15,1782.45,5,Credit Card
O00670,2026-01-11,C0171,P004,2,0.1,2698.2,5,Net Banking
O00671,2026-08-04,C0052,P025,3,0.15,3822.45,5,Net Banking
O00672,2026-04-02,C0037,P020,1,0.1,4049.1,5,Credit Card
O00673,2026-05-14,C0118,P029,1,0.05,854.05,4,Net Banking
O00674,2026-04-14,C0277,P011,1,0.1,2699.1,4,Credit Card
O00675,2026-06-19,C0080,P011,3,0.1,8097.3,4,Credit Card
O00676,2026-09-01,C0160,P010,4,0.0,2796.0,3,Debit Card
O00677,2026-04-25,C0095,P014,2,0.05,1518.1,5,Debit Card
O00678,2026-04-08,C0288,P026,1,0.15,169.15,4,Debit Card
O00679,2026-01-07,C0142,P020,3,0.15,11472.45,4,Debit Card
O00680,2026-08-18,C0204,P017,2,0.1,13498.2,5,UPI
O00681,2026-02-12,C0059,P009,1,0.0,2999.0,4,Credit Card
O00682,2026-08-10,C0047,P029,4,0.0,3596.0,4,Cash
O00683,2026-06-15,C0254,P017,1,0.05,7124.05,2,Debit Card
O00684,2026-01-10,C0229,P003,1,0.0,3499.0,2,Debit Card
O00685,2026-05-23,C0175,P024,1,0.05,569.05,5,Cash
O00686,2026-04-10,C0027,P024,4,0.15,2036.6,4,UPI
O00687,2026-04-10,C0132,P030,1,0.0,2999.0,5,Net Banking
O00688,2026-01-17,C0243,P004,1,0.0,1499.0,4,Net Banking
O00689,2026-01-28,C0233,P021,3,0.1,1347.3,5,Debit Card
O00690,2026-07-15,C0227,P025,4,0.15,5096.6,4,UPI
O00691,2026-05-02,C0105,P005,2,0.05,2468.1,3,Cash
O00692,2026-07-23,C0160,P011,3,0.05,8547.15,4,Debit Card
O00693,2026-09-03,C0151,P007,1,0.05,1519.05,3,UPI
O00694,2026-05-27,C0294,P020,4,0.0,17996.0,4,Debit Card
O00695,2026-02-24,C0293,P008,4,0.05,8736.2,4,Credit Card
O00696,2026-06-07,C0173,P020,3,0.05,12822.15,3,Net Banking
O00697,2026-08-07,C0289,P004,1,0.15,1274.15,5,UPI
O00698,2026-03-16,C0121,P021,1,0.1,449.1,3,Net Banking
O00699,2026-05-05,C0019,P009,3,0.1,8097.3,3,Credit Card
O00700,2026-01-26,C0218,P023,3,0.0,2397.0,5,Debit Card
O00701,2026-05-05,C0268,P027,4,0.1,896.4,5,Debit Card
O00702,2026-06-27,C0077,P029,2,0.1,1618.2,5,Cash
O00703,2026-02-13,C0196,P005,1,0.1,1169.1,4,Credit Card
O00704,2026-07-02,C0032,P011,4,0.1,10796.4,5,Credit Card
O00705,2026-06-23,C0001,P011,3,0.15,7647.45,4,Debit Card
O00706,2026-07-18,C0163,P014,3,0.15,2037.45,5,Credit Card
O00707,2026-06-15,C0028,P024,1,0.1,539.1,5,Credit Card
O00708,2026-08-17,C0155,P016,2,0.1,16198.2,5,UPI
O00709,2026-07-06,C0174,P002,1,0.0,2499.0,5,UPI
O00710,2026-07-28,C0185,P019,4,0.05,2656.2,5,Net Banking
O00711,2026-03-08,C0088,P004,4,0.05,5696.2,4,Credit Card
O00712,2026-08-17,C0152,P025,3,0.05,4272.15,4,Net Banking
O00713,2026-01-24,C0240,P014,4,0.1,2876.4,4,Credit Card
O00714,2026-08-06,C0184,P002,2,0.05,4748.1,4,Credit Card
O00715,2026-05-25,C0257,P014,2,0.15,1358.3,5,UPI
O00716,2026-02-26,C0102,P023,4,0.05,3036.2,3,Debit Card
O00717,2026-03-01,C0151,P013,1,0.05,1424.05,5,Debit Card
O00718,2026-04-10,C0083,P013,4,0.15,5096.6,5,UPI
O00719,2026-06-16,C0252,P021,3,0.0,1497.0,5,Net Banking
O00720,2026-06-12,C0274,P011,3,0.1,8097.3,5,Net Banking
O00721,2026-02-14,C0046,P023,4,0.15,2716.6,4,UPI
O00722,2026-05-13,C0008,P013,3,0.15,3822.45,5,Credit Card
O00723,2026-05-13,C0102,P026,4,0.1,716.4,5,Debit Card
O00724,2026-05-05,C0067,P012,4,0.0,9996.0,4,Credit Card
O00725,2026-04-23,C0153,P017,2,0.05,14248.1,3,Debit Card
O00726,2026-02-24,C0102,P029,2,0.05,1708.1,3,Net Banking
O00727,2026-07-03,C0147,P020,1,0.05,4274.05,4,Debit Card
O00728,2026-07-04,C0242,P010,1,0.15,594.15,5,Cash
O00729,2026-02-23,C0167,P029,2,0.15,1528.3,2,UPI
O00730,2026-02-02,C0299,P015,2,0.05,3418.1,5,UPI
O00731,2026-08-17,C0233,P025,2,0.0,2998.0,4,Credit Card
O00732,2026-05-13,C0207,P015,4,0.0,7196.0,5,Debit Card
O00733,2026-08-31,C0098,P008,1,0.05,2184.05,4,Cash
O00734,2026-08-11,C0028,P021,4,0.05,1896.2,4,Cash
O00735,2026-06-03,C0098,P019,2,0.05,1328.1,5,Net Banking
O00736,2026-03-09,C0077,P012,2,0.1,4498.2,5,Net Banking
O00737,2026-06-01,C0220,P001,1,0.05,1899.05,4,Credit Card
O00738,2026-01-28,C0241,P005,1,0.05,1234.05,5,Net Banking
O00739,2026-06-25,C0206,P024,4,0.05,2276.2,5,Credit Card
O00740,2026-05-02,C0025,P016,1,0.0,8999.0,3,Credit Card
O00741,2026-08-19,C0135,P001,1,0.15,1699.15,5,Debit Card
O00742,2026-08-12,C0260,P012,1,0.15,2124.15,4,Cash
O00743,2026-07-22,C0209,P012,4,0.1,8996.4,5,Net Banking
O00744,2026-01-26,C0091,P026,4,0.05,756.2,4,Credit Card
O00745,2026-08-21,C0091,P008,1,0.1,2069.1,5,Net Banking
O00746,2026-04-15,C0062,P027,3,0.05,709.65,1,UPI
O00747,2026-05-28,C0202,P019,1,0.0,699.0,4,Credit Card
O00748,2026-06-26,C0158,P022,3,0.15,1782.45,4,Credit Card
O00749,2026-04-20,C0204,P003,3,0.1,9447.3,5,Cash
O00750,2026-05-25,C0180,P005,3,0.1,3507.3,5,Cash
O00751,2026-07-13,C0161,P019,2,0.15,1188.3,5,Net Banking
O00752,2026-05-04,C0061,P001,2,0.1,3598.2,5,Cash
O00753,2026-03-06,C0281,P008,3,0.1,6207.3,5,Cash
O00754,2026-07-08,C0112,P017,2,0.0,14998.0,5,Cash
O00755,2026-07-20,C0233,P019,2,0.0,1398.0,4,Cash
O00756,2026-07-21,C0091,P015,3,0.0,5397.0,4,UPI
O00757,2026-07-25,C0027,P020,1,0.05,4274.05,4,Net Banking
O00758,2026-04-22,C0051,P005,1,0.0,1299.0,4,Debit Card
O00759,2026-01-21,C0244,P004,1,0.15,1274.15,5,Cash
O00760,2026-06-07,C0057,P022,3,0.0,2097.0,5,Credit Card
O00761,2026-06-13,C0191,P007,4,0.15,5436.6,1,Net Banking
O00762,2026-03-15,C0278,P021,2,0.0,998.0,5,Net Banking
O00763,2026-05-13,C0061,P021,2,0.05,948.1,5,Debit Card
O00764,2026-03-03,C0148,P023,1,0.05,759.05,3,Debit Card
O00765,2026-07-19,C0046,P008,4,0.1,8276.4,5,Cash
O00766,2026-05-31,C0195,P009,2,0.0,5998.0,5,UPI
O00767,2026-08-24,C0172,P027,1,0.1,224.1,5,Net Banking
O00768,2026-08-23,C0241,P011,3,0.1,8097.3,5,Debit Card
O00769,2026-02-27,C0095,P012,2,0.15,4248.3,5,Net Banking
O00770,2026-01-02,C0143,P028,3,0.05,1422.15,4,UPI
O00771,2026-05-24,C0123,P012,1,0.1,2249.1,4,UPI
O00772,2026-07-25,C0084,P021,3,0.1,1347.3,5,Cash
O00773,2026-05-25,C0258,P018,4,0.05,4936.2,5,Cash
O00774,2026-06-24,C0024,P030,4,0.0,11996.0,4,Debit Card
O00775,2026-01-18,C0195,P008,4,0.05,8736.2,5,Credit Card
O00776,2026-07-24,C0208,P010,3,0.15,1782.45,5,Net Banking
O00777,2026-05-18,C0044,P022,1,0.1,629.1,4,UPI
O00778,2026-04-13,C0006,P027,3,0.0,747.0,5,Credit Card
O00779,2026-05-02,C0056,P015,3,0.1,4857.3,4,Net Banking
O00780,2026-03-10,C0025,P009,2,0.05,5698.1,4,Credit Card
O00781,2026-03-02,C0096,P010,2,0.1,1258.2,4,Credit Card
O00782,2026-08-02,C0047,P015,2,0.1,3238.2,3,UPI
O00783,2026-01-31,C0255,P007,1,0.15,1359.15,5,Net Banking
O00784,2026-09-03,C0038,P019,1,0.15,594.15,4,Debit Card
O00785,2026-05-07,C0180,P013,3,0.15,3822.45,4,Net Banking
O00786,2026-03-13,C0242,P002,4,0.05,9496.2,5,Credit Card
O00787,2026-01-14,C0025,P009,4,0.15,10196.6,5,UPI
O00788,2026-05-09,C0250,P006,3,0.15,10197.45,5,Credit Card
O00789,2026-04-28,C0202,P010,1,0.15,594.15,4,UPI
O00790,2026-01-04,C0076,P015,2,0.15,3058.3,5,Debit Card
O00791,2026-04-03,C0076,P015,3,0.05,5127.15,5,Credit Card
O00792,2026-03-10,C0238,P021,4,0.1,1796.4,4,Cash
O00793,2026-04-19,C0245,P014,2,0.15,1358.3,5,Debit Card
O00794,2026-04-04,C0181,P010,4,0.1,2516.4,4,Net Banking
O00795,2026-02-03,C0054,P027,2,0.0,498.0,5,Credit Card
O00796,2026-05-23,C0161,P020,4,0.15,15296.6,4,Credit Card
O00797,2026-05-02,C0162,P019,1,0.05,664.05,4,Credit Card
O00798,2026-08-17,C0048,P016,3,0.15,22947.45,4,Net Banking
O00799,2026-08-08,C0116,P003,1,0.15,2974.15,3,Credit Card
O00800,2026-01-16,C0298,P018,2,0.1,2338.2,4,UPI
O00801,2026-04-26,C0138,P012,3,0.1,6747.3,4,Net Banking
O00802,2026-05-23,C0253,P004,3,0.1,4047.3,1,UPI
O00803,2026-03-31,C0242,P029,2,0.05,1708.1,5,Debit Card
O00804,2026-04-01,C0162,P011,3,0.15,7647.45,5,Cash
O00805,2026-08-16,C0004,P010,1,0.15,594.15,5,Cash
O00806,2026-06-11,C0263,P004,2,0.05,2848.1,5,Debit Card
O00807,2026-04-18,C0036,P024,4,0.0,2396.0,3,Debit Card
O00808,2026-02-28,C0083,P008,3,0.1,6207.3,5,Debit Card
O00809,2026-06-04,C0020,P025,4,0.1,5396.4,5,Debit Card
O00810,2026-07-11,C0040,P024,4,0.15,2036.6,4,UPI
O00811,2026-02-02,C0107,P023,2,0.1,1438.2,5,UPI
O00812,2026-02-23,C0272,P026,2,0.15,338.3,3,UPI
O00813,2026-08-28,C0041,P025,4,0.0,5996.0,2,Cash
O00814,2026-05-15,C0236,P024,1,0.0,599.0,4,Credit Card
O00815,2026-01-22,C0288,P009,4,0.1,10796.4,4,Debit Card
O00816,2026-04-24,C0252,P030,2,0.05,5698.1,5,Credit Card
O00817,2026-01-08,C0134,P024,1,0.1,539.1,5,Debit Card
O00818,2026-08-10,C0041,P016,4,0.15,30596.6,5,Net Banking
O00819,2026-08-28,C0255,P011,3,0.15,7647.45,3,Net Banking
O00820,2026-02-15,C0138,P009,4,0.15,10196.6,5,Net Banking
O00821,2026-03-21,C0300,P008,3,0.15,5862.45,5,UPI
O00822,2026-04-24,C0189,P020,3,0.1,12147.3,4,Credit Card
O00823,2026-03-19,C0156,P001,1,0.0,1999.0,5,Credit Card
O00824,2026-03-30,C0129,P020,3,0.15,11472.45,5,Cash
O00825,2026-08-31,C0237,P025,4,0.1,5396.4,1,Cash
O00826,2026-07-24,C0078,P013,3,0.05,4272.15,5,Net Banking
O00827,2026-04-06,C0215,P017,2,0.15,12748.3,5,Cash
O00828,2026-04-12,C0094,P018,2,0.05,2468.1,5,Cash
O00829,2026-08-01,C0243,P004,4,0.05,5696.2,4,Cash
O00830,2026-06-10,C0213,P002,2,0.1,4498.2,4,Net Banking
O00831,2026-07-27,C0015,P029,3,0.15,2292.45,4,UPI
O00832,2026-02-16,C0150,P028,2,0.1,898.2,3,Cash
O00833,2026-06-08,C0251,P001,4,0.1,7196.4,5,Cash
O00834,2026-02-18,C0043,P018,3,0.0,3897.0,3,Net Banking
O00835,2026-01-06,C0143,P011,2,0.0,5998.0,4,Credit Card
O00836,2026-07-03,C0161,P023,4,0.0,3196.0,4,Credit Card
O00837,2026-01-04,C0166,P025,4,0.05,5696.2,4,Debit Card
O00838,2026-07-21,C0009,P019,4,0.1,2516.4,4,UPI
O00839,2026-03-26,C0102,P010,1,0.05,664.05,2,Cash
O00840,2026-01-19,C0275,P007,4,0.05,6076.2,4,Debit Card
O00841,2026-07-29,C0056,P017,4,0.0,29996.0,3,Credit Card
O00842,2026-04-09,C0097,P030,4,0.05,11396.2,5,UPI
O00843,2026-02-20,C0200,P020,4,0.0,17996.0,5,Credit Card
O00844,2026-05-02,C0046,P029,4,0.1,3236.4,5,Credit Card
O00845,2026-06-11,C0119,P026,1,0.0,199.0,4,Debit Card
O00846,2026-02-20,C0244,P021,3,0.0,1497.0,5,Credit Card
O00847,2026-09-07,C0066,P002,1,0.05,2374.05,5,Debit Card
O00848,2026-01-04,C0282,P003,2,0.1,6298.2,5,Cash
O00849,2026-07-22,C0146,P016,2,0.0,17998.0,5,Net Banking
O00850,2026-07-20,C0076,P004,4,0.05,5696.2,4,UPI
O00851,2026-03-05,C0230,P010,2,0.15,1188.3,3,Net Banking
O00852,2026-03-28,C0140,P017,1,0.0,7499.0,4,Credit Card
O00853,2026-06-29,C0111,P013,1,0.05,1424.05,4,Debit Card
O00854,2026-05-23,C0169,P024,3,0.15,1527.45,5,UPI
O00855,2026-06-26,C0275,P024,4,0.1,2156.4,5,Debit Card
O00856,2026-08-19,C0043,P003,1,0.15,2974.15,5,Net Banking
O00857,2026-03-17,C0145,P007,4,0.05,6076.2,5,Net Banking
O00858,2026-03-31,C0046,P028,3,0.15,1272.45,4,Net Banking
O00859,2026-08-23,C0179,P008,2,0.0,4598.0,5,Cash
O00860,2026-03-17,C0261,P012,3,0.1,6747.3,4,Net Banking
O00861,2026-04-08,C0105,P021,2,0.0,998.0,5,Debit Card
O00862,2026-07-18,C0156,P013,2,0.1,2698.2,5,Net Banking
O00863,2026-07-29,C0176,P019,4,0.05,2656.2,5,Cash
O00864,2026-07-16,C0288,P013,2,0.1,2698.2,4,Debit Card
O00865,2026-01-29,C0268,P018,1,0.0,1299.0,2,Credit Card
O00866,2026-02-15,C0207,P022,1,0.05,664.05,3,Credit Card
O00867,2026-01-26,C0114,P007,1,0.15,1359.15,5,Net Banking
O00868,2026-06-09,C0262,P018,3,0.0,3897.0,4,Net Banking
O00869,2026-07-03,C0230,P023,1,0.0,799.0,5,Credit Card
O00870,2026-06-17,C0044,P006,4,0.0,15996.0,4,UPI
O00871,2026-04-03,C0144,P021,4,0.1,1796.4,5,UPI
O00872,2026-07-30,C0260,P030,3,0.0,8997.0,5,Debit Card
O00873,2026-01-20,C0224,P006,2,0.0,7998.0,3,Credit Card
O00874,2026-05-17,C0113,P025,4,0.05,5696.2,4,Credit Card
O00875,2026-05-26,C0176,P030,2,0.15,5098.3,5,Net Banking
O00876,2026-04-02,C0093,P030,4,0.15,10196.6,5,Credit Card
O00877,2026-07-22,C0239,P007,2,0.15,2718.3,4,Credit Card
O00878,2026-05-17,C0259,P021,4,0.1,1796.4,5,Net Banking
O00879,2026-03-25,C0120,P015,3,0.15,4587.45,5,Cash
O00880,2026-07-31,C0106,P001,3,0.05,5697.15,5,Credit Card
O00881,2026-04-07,C0177,P028,3,0.1,1347.3,5,Cash
O00882,2026-09-03,C0221,P027,4,0.0,996.0,5,Debit Card
O00883,2026-06-02,C0264,P014,1,0.05,759.05,5,Debit Card
O00884,2026-01-02,C0034,P001,3,0.05,5697.15,4,Debit Card
O00885,2026-01-06,C0021,P002,3,0.05,7122.15,3,Cash
O00886,2026-04-02,C0286,P016,2,0.05,17098.1,4,Net Banking
O00887,2026-03-05,C0226,P005,2,0.1,2338.2,5,UPI
O00888,2026-05-27,C0004,P011,4,0.05,11396.2,5,Debit Card
O00889,2026-07-22,C0152,P016,4,0.05,34196.2,4,Net Banking
O00890,2026-07-29,C0216,P012,1,0.1,2249.1,2,Net Banking
O00891,2026-04-08,C0273,P021,1,0.0,499.0,5,Debit Card
O00892,2026-03-31,C0083,P006,4,0.15,13596.6,5,UPI
O00893,2026-08-11,C0027,P011,2,0.0,5998.0,5,Cash
O00894,2026-01-14,C0029,P010,3,0.0,2097.0,4,Net Banking
O00895,2026-02-08,C0114,P002,3,0.05,7122.15,3,Cash
O00896,2026-09-06,C0210,P023,4,0.0,3196.0,4,Debit Card
O00897,2026-07-21,C0239,P002,4,0.05,9496.2,3,UPI
O00898,2026-05-02,C0227,P005,1,0.15,1104.15,4,Cash
O00899,2026-05-09,C0244,P015,4,0.05,6836.2,5,Cash
O00900,2026-05-24,C0072,P010,2,0.15,1188.3,4,Net Banking
O00901,2026-02-20,C0257,P018,2,0.05,2468.1,3,Cash
O00902,2026-03-24,C0129,P020,1,0.0,4499.0,5,Cash
O00903,2026-04-04,C0239,P004,3,0.05,4272.15,4,Net Banking
O00904,2026-06-17,C0009,P023,1,0.1,719.1,4,Debit Card
O00905,2026-06-07,C0148,P006,4,0.05,15196.2,4,Credit Card
O00906,2026-02-21,C0135,P001,3,0.05,5697.15,5,UPI
O00907,2026-01-29,C0174,P028,1,0.05,474.05,5,Credit Card
O00908,2026-08-11,C0059,P015,3,0.0,5397.0,4,UPI
O00909,2026-03-20,C0287,P027,4,0.15,846.6,2,Credit Card
O00910,2026-07-09,C0186,P002,2,0.05,4748.1,5,Debit Card
O00911,2026-05-21,C0095,P001,4,0.05,7596.2,5,UPI
O00912,2026-04-07,C0040,P011,1,0.1,2699.1,4,Debit Card
O00913,2026-02-21,C0241,P013,3,0.0,4497.0,4,UPI
O00914,2026-01-18,C0244,P017,4,0.1,26996.4,5,Debit Card
O00915,2026-08-10,C0161,P020,1,0.0,4499.0,4,Cash
O00916,2026-03-01,C0211,P018,4,0.0,5196.0,5,Cash
O00917,2026-08-10,C0132,P019,1,0.05,664.05,4,Cash
O00918,2026-05-24,C0140,P015,1,0.0,1799.0,4,Net Banking
O00919,2026-03-20,C0127,P002,3,0.15,6372.45,4,Credit Card
O00920,2026-01-05,C0280,P018,3,0.1,3507.3,4,Debit Card
O00921,2026-03-02,C0274,P017,3,0.0,22497.0,5,Cash
O00922,2026-08-16,C0152,P030,1,0.1,2699.1,4,Debit Card
O00923,2026-08-18,C0187,P011,4,0.05,11396.2,3,Cash
O00924,2026-05-14,C0069,P029,2,0.15,1528.3,4,Credit Card
O00925,2026-04-20,C0147,P029,3,0.1,2427.3,4,Credit Card
O00926,2026-02-22,C0258,P011,2,0.05,5698.1,5,Debit Card
O00927,2026-06-26,C0175,P028,2,0.15,848.3,5,Credit Card
O00928,2026-06-17,C0297,P029,2,0.1,1618.2,3,Net Banking
O00929,2026-08-31,C0106,P017,1,0.05,7124.05,4,Credit Card
O00930,2026-07-06,C0274,P007,1,0.1,1439.1,5,Cash
O00931,2026-09-04,C0232,P021,4,0.1,1796.4,4,Debit Card
O00932,2026-02-08,C0287,P008,2,0.0,4598.0,3,UPI
O00933,2026-07-15,C0079,P015,3,0.05,5127.15,5,Credit Card
O00934,2026-06-25,C0244,P022,1,0.1,629.1,3,Cash
O00935,2026-02-04,C0019,P023,4,0.1,2876.4,4,Cash
O00936,2026-05-06,C0089,P017,4,0.05,28496.2,4,Credit Card
O00937,2026-01-09,C0295,P006,4,0.0,15996.0,5,Cash
O00938,2026-02-26,C0157,P030,2,0.05,5698.1,3,Cash
O00939,2026-08-10,C0131,P007,4,0.1,5756.4,5,Credit Card
O00940,2026-04-20,C0111,P004,4,0.0,5996.0,5,Cash
O00941,2026-07-04,C0171,P008,3,0.15,5862.45,5,Net Banking
O00942,2026-06-02,C0165,P021,1,0.0,499.0,4,UPI
O00943,2026-08-13,C0170,P009,2,0.15,5098.3,5,UPI
O00944,2026-05-23,C0122,P019,4,0.0,2796.0,4,Cash
O00945,2026-04-12,C0212,P030,3,0.1,8097.3,4,Cash
O00946,2026-03-17,C0223,P025,1,0.05,1424.05,4,Cash
O00947,2026-01-24,C0250,P023,1,0.05,759.05,5,Net Banking
O00948,2026-02-04,C0182,P007,4,0.15,5436.6,4,UPI
O00949,2026-02-15,C0244,P026,4,0.05,756.2,5,UPI
O00950,2026-03-06,C0089,P017,3,0.05,21372.15,5,UPI
O00951,2026-01-24,C0222,P003,1,0.15,2974.15,5,UPI
O00952,2026-05-15,C0037,P028,4,0.05,1896.2,4,Cash
O00953,2026-01-12,C0261,P019,2,0.1,1258.2,5,Credit Card
O00954,2026-02-11,C0177,P017,2,0.05,14248.1,5,UPI
O00955,2026-04-18,C0007,P007,3,0.1,4317.3,5,Cash
O00956,2026-03-15,C0180,P006,2,0.0,7998.0,5,Credit Card
O00957,2026-01-01,C0180,P022,3,0.0,2097.0,4,Cash
O00958,2026-05-20,C0109,P003,1,0.15,2974.15,4,Net Banking
O00959,2026-06-18,C0261,P003,4,0.15,11896.6,4,UPI
O00960,2026-06-03,C0013,P011,1,0.05,2849.05,5,Debit Card
O00961,2026-06-08,C0077,P021,2,0.0,998.0,4,UPI
O00962,2026-06-17,C0207,P001,3,0.0,5997.0,3,UPI
O00963,2026-06-20,C0082,P025,3,0.1,4047.3,5,UPI
O00964,2026-01-28,C0261,P002,4,0.05,9496.2,4,Debit Card
O00965,2026-06-06,C0079,P016,2,0.15,15298.3,5,Debit Card
O00966,2026-08-27,C0061,P009,1,0.0,2999.0,5,Debit Card
O00967,2026-04-05,C0220,P003,4,0.0,13996.0,5,Net Banking
O00968,2026-01-17,C0223,P030,3,0.15,7647.45,3,Debit Card
O00969,2026-03-26,C0140,P010,4,0.05,2656.2,5,Net Banking
O00970,2026-01-15,C0007,P030,1,0.0,2999.0,4,Net Banking
O00971,2026-08-28,C0167,P011,3,0.15,7647.45,5,Debit Card
O00972,2026-03-08,C0092,P011,3,0.05,8547.15,5,Cash
O00973,2026-05-14,C0082,P009,4,0.15,10196.6,5,Net Banking
O00974,2026-03-01,C0182,P025,3,0.05,4272.15,1,UPI
O00975,2026-04-30,C0013,P003,1,0.05,3324.05,5,Cash
O00976,2026-04-16,C0153,P008,1,0.1,2069.1,4,Credit Card
O00977,2026-01-03,C0092,P016,2,0.1,16198.2,4,UPI
O00978,2026-03-20,C0013,P009,3,0.1,8097.3,5,UPI
O00979,2026-06-25,C0293,P005,3,0.1,3507.3,4,Net Banking
O00980,2026-06-07,C0094,P007,1,0.05,1519.05,4,Debit Card
O00981,2026-08-25,C0145,P016,4,0.15,30596.6,5,Credit Card
O00982,2026-05-04,C0170,P004,2,0.15,2548.3,5,Net Banking
O00983,2026-08-18,C0068,P022,3,0.15,1782.45,5,Cash
O00984,2026-08-26,C0226,P010,1,0.1,629.1,5,Debit Card
O00985,2026-05-23,C0047,P004,1,0.05,1424.05,5,Debit Card
O00986,2026-07-24,C0249,P027,3,0.0,747.0,5,Debit Card
O00987,2026-08-04,C0015,P023,1,0.1,719.1,5,Net Banking
O00988,2026-08-04,C0175,P030,2,0.15,5098.3,4,UPI
O00989,2026-08-10,C0171,P005,3,0.1,3507.3,5,Debit Card
O00990,2026-04-16,C0286,P020,1,0.15,3824.15,5,Debit Card
O00991,2026-04-26,C0140,P020,3,0.05,12822.15,5,Credit Card
O00992,2026-01-29,C0054,P007,3,0.0,4797.0,5,UPI
O00993,2026-04-24,C0170,P027,1,0.15,211.65,5,Credit Card
O00994,2026-02-18,C0012,P020,3,0.15,11472.45,5,Net Banking
O00995,2026-03-21,C0056,P002,3,0.05,7122.15,5,UPI
O00996,2026-07-30,C0166,P010,2,0.05,1328.1,5,Cash
O00997,2026-04-10,C0174,P001,1,0.0,1999.0,4,UPI
O00998,2026-06-25,C0166,P003,1,0.1,3149.1,4,UPI
O00999,2026-01-27,C0185,P028,3,0.0,1497.0,5,Debit Card
O01000,2026-06-13,C0299,P016,2,0.1,16198.2,4,Debit Card
O01001,2026-03-12,C0243,P017,3,0.15,19122.45,5,Debit Card
O01002,2026-02-08,C0218,P023,2,0.1,1438.2,3,Net Banking
O01003,2026-05-24,C0175,P016,1,0.05,8549.05,5,Net Banking
O01004,2026-03-23,C0277,P006,3,0.05,11397.15,5,Debit Card
O01005,2026-05-27,C0270,P024,2,0.05,1138.1,3,Net Banking
O01006,2026-08-17,C0228,P017,3,0.15,19122.45,2,UPI
O01007,2026-05-01,C0273,P002,1,0.0,2499.0,4,UPI
O01008,2026-04-20,C0011,P026,4,0.05,756.2,5,Net Banking
O01009,2026-06-11,C0286,P024,4,0.1,2156.4,4,Credit Card
O01010,2026-07-02,C0107,P017,1,0.15,6374.15,5,UPI
O01011,2026-07-28,C0155,P027,4,0.0,996.0,4,Cash
O01012,2026-05-01,C0291,P027,2,0.05,473.1,3,Net Banking
O01013,2026-03-08,C0273,P028,3,0.15,1272.45,4,Debit Card
O01014,2026-07-21,C0278,P008,3,0.15,5862.45,4,UPI
O01015,2026-05-02,C0191,P028,1,0.1,449.1,4,Credit Card
O01016,2026-03-14,C0028,P007,3,0.05,4557.15,4,Cash
O01017,2026-07-29,C0070,P027,1,0.1,224.1,5,UPI
O01018,2026-07-22,C0013,P009,3,0.15,7647.45,4,Cash
O01019,2026-03-03,C0045,P001,2,0.05,3798.1,5,Cash
O01020,2026-01-17,C0098,P019,3,0.05,1992.15,5,Net Banking
O01021,2026-04-21,C0270,P020,4,0.1,16196.4,5,Credit Card
O01022,2026-02-14,C0049,P019,1,0.15,594.15,3,Net Banking
O01023,2026-04-29,C0269,P011,3,0.0,8997.0,5,Credit Card
O01024,2026-03-20,C0095,P013,4,0.0,5996.0,5,Net Banking
O01025,2026-07-17,C0202,P001,4,0.1,7196.4,4,UPI
O01026,2026-01-24,C0093,P025,2,0.05,2848.1,5,UPI
O01027,2026-07-13,C0228,P022,2,0.05,1328.1,4,Debit Card
O01028,2026-04-10,C0058,P029,4,0.05,3416.2,4,Debit Card
O01029,2026-03-18,C0187,P004,3,0.15,3822.45,5,Debit Card
O01030,2026-01-23,C0022,P011,1,0.15,2549.15,5,Debit Card
O01031,2026-01-16,C0014,P008,3,0.0,6897.0,1,Net Banking
O01032,2026-07-30,C0179,P021,3,0.0,1497.0,5,UPI
O01033,2026-03-02,C0255,P022,4,0.15,2376.6,5,Cash
O01034,2026-04-14,C0249,P003,4,0.15,11896.6,5,Credit Card
O01035,2026-05-02,C0215,P001,2,0.05,3798.1,5,Debit Card
O01036,2026-08-04,C0203,P023,4,0.05,3036.2,4,Credit Card
O01037,2026-02-04,C0079,P008,1,0.0,2299.0,5,Credit Card
O01038,2026-07-04,C0079,P030,4,0.15,10196.6,5,Credit Card
O01039,2026-01-22,C0082,P024,2,0.15,1018.3,5,Net Banking
O01040,2026-08-27,C0091,P019,4,0.05,2656.2,4,Cash
O01041,2026-05-22,C0294,P022,4,0.15,2376.6,4,Credit Card
O01042,2026-04-19,C0037,P002,1,0.15,2124.15,5,Credit Card
O01043,2026-07-02,C0185,P029,3,0.15,2292.45,5,Net Banking
O01044,2026-04-04,C0262,P007,1,0.0,1599.0,5,Debit Card
O01045,2026-01-29,C0297,P007,4,0.0,6396.0,3,Net Banking
O01046,2026-08-08,C0046,P006,3,0.15,10197.45,5,Net Banking
O01047,2026-08-16,C0013,P005,1,0.05,1234.05,4,UPI
O01048,2026-06-25,C0281,P004,3,0.0,4497.0,5,Net Banking
O01049,2026-07-19,C0299,P023,1,0.15,679.15,4,Cash
O01050,2026-05-27,C0264,P001,3,0.15,5097.45,4,Debit Card
O01051,2026-03-16,C0161,P015,2,0.0,3598.0,5,Net Banking
O01052,2026-07-11,C0082,P008,3,0.1,6207.3,3,Cash
O01053,2026-05-29,C0244,P001,2,0.0,3998.0,5,Debit Card
O01054,2026-07-27,C0018,P017,1,0.1,6749.1,4,Credit Card
O01055,2026-05-10,C0051,P015,1,0.1,1619.1,4,Net Banking
O01056,2026-03-13,C0003,P007,3,0.1,4317.3,1,UPI
O01057,2026-06-04,C0133,P029,2,0.05,1708.1,5,Debit Card
O01058,2026-07-26,C0181,P024,2,0.1,1078.2,5,Credit Card
O01059,2026-05-05,C0222,P027,2,0.0,498.0,4,UPI
O01060,2026-09-05,C0287,P017,2,0.05,14248.1,5,Cash
O01061,2026-07-17,C0037,P029,4,0.05,3416.2,5,Credit Card
O01062,2026-02-23,C0256,P020,3,0.0,13497.0,5,UPI
O01063,2026-01-14,C0254,P002,2,0.15,4248.3,4,Debit Card
O01064,2026-05-02,C0278,P009,2,0.15,5098.3,5,Cash
O01065,2026-05-02,C0197,P027,3,0.05,709.65,5,Cash
O01066,2026-01-04,C0011,P029,3,0.15,2292.45,4,Debit Card
O01067,2026-09-04,C0094,P026,1,0.0,199.0,5,Debit Card
O01068,2026-09-02,C0059,P026,4,0.1,716.4,4,Debit Card
O01069,2026-07-25,C0292,P008,1,0.1,2069.1,5,Cash
O01070,2026-04-29,C0281,P013,2,0.05,2848.1,5,Credit Card
O01071,2026-03-22,C0272,P029,1,0.0,899.0,5,UPI
O01072,2026-04-16,C0103,P003,1,0.0,3499.0,5,Debit Card
O01073,2026-02-26,C0196,P007,3,0.1,4317.3,4,UPI
O01074,2026-06-08,C0222,P013,1,0.0,1499.0,5,Credit Card
O01075,2026-09-01,C0075,P022,1,0.0,699.0,3,Net Banking
O01076,2026-02-03,C0275,P019,4,0.05,2656.2,5,Credit Card
O01077,2026-03-06,C0117,P016,3,0.15,22947.45,5,UPI
O01078,2026-06-13,C0167,P005,4,0.1,4676.4,5,Debit Card
O01079,2026-03-07,C0120,P001,2,0.0,3998.0,4,UPI
O01080,2026-04-08,C0106,P011,4,0.1,10796.4,5,Debit Card
O01081,2026-09-02,C0050,P026,3,0.05,567.15,4,Cash
O01082,2026-09-08,C0262,P008,2,0.15,3908.3,4,Cash
O01083,2026-01-28,C0086,P022,2,0.15,1188.3,4,UPI
O01084,2026-08-22,C0107,P011,4,0.1,10796.4,3,UPI
O01085,2026-01-19,C0056,P006,3,0.15,10197.45,1,Cash
O01086,2026-02-08,C0098,P029,1,0.0,899.0,5,Debit Card
O01087,2026-02-08,C0270,P024,3,0.15,1527.45,5,Net Banking
O01088,2026-07-01,C0015,P030,4,0.15,10196.6,4,UPI
O01089,2026-05-19,C0249,P020,2,0.0,8998.0,4,Cash
O01090,2026-02-01,C0183,P024,3,0.1,1617.3,5,Cash
O01091,2026-01-15,C0271,P014,1,0.1,719.1,5,Debit Card
O01092,2026-01-21,C0072,P020,4,0.1,16196.4,5,Credit Card
O01093,2026-05-22,C0252,P022,1,0.15,594.15,5,Debit Card
O01094,2026-06-28,C0079,P009,4,0.0,11996.0,5,Debit Card
O01095,2026-05-05,C0269,P002,1,0.15,2124.15,5,Credit Card
O01096,2026-01-10,C0211,P026,2,0.0,398.0,5,Net Banking
O01097,2026-03-03,C0087,P026,4,0.15,676.6,3,Net Banking
O01098,2026-06-14,C0063,P013,3,0.15,3822.45,5,Cash
O01099,2026-09-05,C0013,P025,1,0.0,1499.0,4,Debit Card
O01100,2026-07-21,C0291,P021,1,0.15,424.15,3,Net Banking
O01101,2026-04-28,C0102,P022,2,0.05,1328.1,5,UPI
O01102,2026-07-08,C0253,P020,2,0.15,7648.3,5,Cash
O01103,2026-08-21,C0103,P020,1,0.05,4274.05,5,Credit Card
O01104,2026-01-04,C0289,P008,2,0.0,4598.0,5,UPI
O01105,2026-04-27,C0065,P013,2,0.0,2998.0,5,UPI
O01106,2026-01-30,C0207,P001,4,0.05,7596.2,3,Credit Card
O01107,2026-04-20,C0031,P024,3,0.15,1527.45,4,Net Banking
O01108,2026-05-20,C0189,P024,2,0.1,1078.2,5,Credit Card
O01109,2026-07-15,C0001,P003,1,0.05,3324.05,4,UPI
O01110,2026-03-12,C0049,P018,2,0.15,2208.3,4,Debit Card
O01111,2026-05-22,C0112,P024,2,0.15,1018.3,4,Net Banking
O01112,2026-01-11,C0222,P022,2,0.0,1398.0,5,Net Banking
O01113,2026-04-07,C0169,P002,2,0.0,4998.0,5,UPI
O01114,2026-01-02,C0167,P010,1,0.05,664.05,5,Net Banking
O01115,2026-08-16,C0266,P003,3,0.15,8922.45,5,Cash
O01116,2026-06-27,C0264,P018,2,0.05,2468.1,3,Debit Card
O01117,2026-05-14,C0058,P022,4,0.15,2376.6,4,Credit Card
O01118,2026-06-06,C0147,P018,1,0.05,1234.05,5,Net Banking
O01119,2026-09-01,C0173,P023,1,0.1,719.1,4,UPI
O01120,2026-05-23,C0040,P012,2,0.05,4748.1,3,Net Banking
O01121,2026-09-08,C0159,P001,1,0.1,1799.1,5,Net Banking
O01122,2026-05-10,C0021,P005,2,0.15,2208.3,5,Credit Card
O01123,2026-03-12,C0258,P009,1,0.05,2849.05,3,Credit Card
O01124,2026-06-25,C0119,P030,4,0.15,10196.6,4,UPI
O01125,2026-01-14,C0055,P023,3,0.1,2157.3,4,Debit Card
O01126,2026-03-27,C0062,P016,4,0.0,35996.0,3,UPI
O01127,2026-08-25,C0224,P002,2,0.05,4748.1,5,Cash
O01128,2026-05-12,C0282,P012,1,0.0,2499.0,5,Cash
O01129,2026-06-01,C0015,P012,3,0.15,6372.45,4,Debit Card
O01130,2026-02-28,C0120,P017,1,0.1,6749.1,4,Credit Card
O01131,2026-07-08,C0055,P004,4,0.05,5696.2,4,Credit Card
O01132,2026-01-19,C0200,P027,4,0.15,846.6,2,Cash
O01133,2026-02-07,C0168,P015,2,0.15,3058.3,4,Debit Card
O01134,2026-02-04,C0079,P015,4,0.05,6836.2,5,Debit Card
O01135,2026-02-21,C0049,P006,3,0.05,11397.15,2,Net Banking
O01136,2026-01-16,C0094,P014,3,0.05,2277.15,3,Cash
O01137,2026-04-28,C0205,P009,4,0.05,11396.2,5,Credit Card
O01138,2026-08-15,C0101,P019,3,0.05,1992.15,5,Net Banking
O01139,2026-08-20,C0219,P028,2,0.05,948.1,3,Net Banking
O01140,2026-05-06,C0201,P015,2,0.15,3058.3,5,Debit Card
O01141,2026-01-04,C0133,P013,4,0.05,5696.2,4,Cash
O01142,2026-05-29,C0163,P030,2,0.05,5698.1,5,UPI
O01143,2026-04-17,C0228,P030,1,0.0,2999.0,5,Net Banking
O01144,2026-01-09,C0172,P014,4,0.15,2716.6,4,UPI
O01145,2026-04-26,C0123,P026,4,0.05,756.2,3,UPI
O01146,2026-06-27,C0061,P011,4,0.05,11396.2,3,Debit Card
O01147,2026-03-03,C0249,P018,1,0.0,1299.0,4,Debit Card
O01148,2026-02-11,C0173,P016,4,0.0,35996.0,5,Cash
O01149,2026-07-17,C0044,P025,2,0.15,2548.3,4,Debit Card
O01150,2026-06-10,C0264,P024,4,0.0,2396.0,5,UPI
O01151,2026-04-09,C0240,P022,3,0.0,2097.0,4,Debit Card
O01152,2026-06-28,C0282,P006,2,0.0,7998.0,5,Debit Card
O01153,2026-07-08,C0230,P009,1,0.1,2699.1,5,UPI
O01154,2026-04-09,C0248,P013,3,0.15,3822.45,5,Debit Card
O01155,2026-04-04,C0289,P021,2,0.0,998.0,5,Credit Card
O01156,2026-02-05,C0127,P009,3,0.05,8547.15,5,Cash
O01157,2026-07-08,C0082,P029,2,0.05,1708.1,4,Debit Card
O01158,2026-05-09,C0195,P001,4,0.1,7196.4,2,Debit Card
O01159,2026-03-30,C0230,P007,4,0.15,5436.6,4,UPI
O01160,2026-05-01,C0035,P012,3,0.15,6372.45,5,UPI
O01161,2026-02-18,C0263,P001,4,0.0,7996.0,3,Credit Card
O01162,2026-03-15,C0124,P017,1,0.0,7499.0,4,UPI
O01163,2026-06-28,C0178,P007,2,0.15,2718.3,3,Credit Card
O01164,2026-05-14,C0026,P025,1,0.1,1349.1,4,Net Banking
O01165,2026-08-27,C0018,P016,2,0.15,15298.3,4,Cash
O01166,2026-07-08,C0205,P004,1,0.1,1349.1,4,UPI
O01167,2026-08-12,C0084,P021,2,0.1,898.2,4,Debit Card
O01168,2026-06-17,C0283,P005,3,0.15,3312.45,5,Net Banking
O01169,2026-08-04,C0272,P010,4,0.15,2376.6,4,Credit Card
O01170,2026-08-18,C0112,P025,3,0.05,4272.15,5,Credit Card
O01171,2026-05-04,C0155,P026,3,0.1,537.3,5,UPI
O01172,2026-02-07,C0206,P019,3,0.1,1887.3,4,Credit Card
O01173,2026-06-08,C0057,P001,2,0.1,3598.2,4,Credit Card
O01174,2026-08-03,C0163,P029,2,0.05,1708.1,4,UPI
O01175,2026-03-23,C0199,P002,2,0.15,4248.3,4,Credit Card
O01176,2026-02-22,C0221,P018,1,0.1,1169.1,5,Credit Card
O01177,2026-04-06,C0093,P022,4,0.05,2656.2,5,UPI
O01178,2026-08-24,C0023,P021,1,0.15,424.15,5,Credit Card
O01179,2026-08-31,C0090,P030,4,0.1,10796.4,3,Net Banking
O01180,2026-09-07,C0252,P025,3,0.1,4047.3,4,Debit Card
O01181,2026-09-06,C0180,P022,2,0.15,1188.3,4,UPI
O01182,2026-07-07,C0271,P022,4,0.0,2796.0,3,Net Banking
O01183,2026-01-30,C0130,P021,3,0.0,1497.0,4,Credit Card
O01184,2026-04-25,C0132,P019,3,0.0,2097.0,4,Net Banking
O01185,2026-06-14,C0103,P011,2,0.05,5698.1,5,Debit Card
O01186,2026-02-20,C0028,P002,1,0.0,2499.0,5,Cash
O01187,2026-06-23,C0276,P002,1,0.15,2124.15,4,Debit Card
O01188,2026-06-04,C0207,P026,1,0.1,179.1,4,Cash
O01189,2026-04-05,C0186,P014,4,0.1,2876.4,1,Debit Card
O01190,2026-03-31,C0140,P010,3,0.15,1782.45,5,UPI
O01191,2026-02-25,C0228,P010,4,0.15,2376.6,5,Debit Card
O01192,2026-02-11,C0241,P011,4,0.15,10196.6,3,Net Banking
O01193,2026-06-03,C0212,P022,1,0.05,664.05,4,Cash
O01194,2026-08-11,C0015,P008,3,0.0,6897.0,5,Net Banking
O01195,2026-07-13,C0225,P009,4,0.0,11996.0,1,Debit Card
O01196,2026-04-17,C0086,P022,2,0.15,1188.3,5,Credit Card
O01197,2026-02-21,C0108,P002,2,0.15,4248.3,4,Cash
O01198,2026-01-11,C0039,P030,3,0.1,8097.3,4,Cash
O01199,2026-02-27,C0196,P016,1,0.0,8999.0,3,Debit Card
O01200,2026-09-02,C0210,P023,4,0.0,3196.0,5,Debit Card
O01201,2026-04-17,C0273,P011,2,0.15,5098.3,5,Credit Card
O01202,2026-01-08,C0136,P028,1,0.1,449.1,4,UPI
O01203,2026-06-03,C0107,P025,3,0.15,3822.45,5,Debit Card
O01204,2026-06-10,C0071,P006,4,0.0,15996.0,4,Net Banking
O01205,2026-01-05,C0252,P015,3,0.05,5127.15,5,Credit Card
O01206,2026-03-23,C0277,P024,4,0.05,2276.2,4,UPI
O01207,2026-03-11,C0150,P008,3,0.15,5862.45,5,Debit Card
O01208,2026-01-13,C0291,P014,3,0.1,2157.3,5,UPI
O01209,2026-05-12,C0070,P020,2,0.05,8548.1,5,Net Banking
O01210,2026-07-12,C0100,P003,2,0.1,6298.2,5,Debit Card
O01211,2026-03-11,C0115,P001,3,0.0,5997.0,5,Debit Card
O01212,2026-07-30,C0019,P014,2,0.0,1598.0,3,Debit Card
O01213,2026-04-06,C0093,P024,4,0.15,2036.6,4,Credit Card
O01214,2026-01-27,C0162,P002,2,0.05,4748.1,4,Credit Card
O01215,2026-07-23,C0060,P012,1,0.15,2124.15,4,UPI
O01216,2026-01-30,C0180,P005,2,0.0,2598.0,4,Debit Card
O01217,2026-06-26,C0011,P001,3,0.05,5697.15,5,Net Banking
O01218,2026-05-14,C0249,P016,3,0.05,25647.15,5,UPI
O01219,2026-07-10,C0012,P029,1,0.05,854.05,3,Credit Card
O01220,2026-06-26,C0250,P025,2,0.1,2698.2,3,Credit Card
O01221,2026-01-21,C0064,P019,4,0.0,2796.0,3,Cash
O01222,2026-07-13,C0001,P018,4,0.0,5196.0,4,UPI
O01223,2026-07-23,C0124,P014,1,0.15,679.15,3,Debit Card
O01224,2026-01-12,C0154,P021,1,0.1,449.1,5,UPI
O01225,2026-07-20,C0295,P025,1,0.05,1424.05,5,Credit Card
O01226,2026-02-17,C0272,P019,3,0.0,2097.0,3,Debit Card
O01227,2026-08-31,C0258,P008,3,0.1,6207.3,4,Net Banking
O01228,2026-07-19,C0264,P017,2,0.0,14998.0,3,Net Banking
O01229,2026-07-15,C0248,P009,1,0.05,2849.05,5,Debit Card
O01230,2026-02-13,C0012,P001,1,0.0,1999.0,5,Net Banking
O01231,2026-08-06,C0233,P024,4,0.1,2156.4,5,Credit Card
O01232,2026-04-23,C0024,P019,1,0.05,664.05,5,Cash
O01233,2026-04-19,C0286,P025,2,0.05,2848.1,4,Debit Card
O01234,2026-02-01,C0079,P021,4,0.0,1996.0,5,Cash
O01235,2026-07-15,C0278,P006,3,0.1,10797.3,5,UPI
O01236,2026-01-22,C0274,P008,3,0.15,5862.45,3,Debit Card
O01237,2026-04-27,C0040,P017,3,0.15,19122.45,4,Cash
O01238,2026-03-16,C0023,P020,4,0.05,17096.2,5,Cash
O01239,2026-08-29,C0008,P002,3,0.05,7122.15,1,Cash
O01240,2026-06-22,C0181,P004,1,0.15,1274.15,4,UPI
O01241,2026-01-31,C0061,P013,2,0.15,2548.3,4,Net Banking
O01242,2026-09-08,C0059,P025,1,0.05,1424.05,3,Credit Card
O01243,2026-03-28,C0281,P010,2,0.15,1188.3,3,Cash
O01244,2026-07-05,C0109,P003,4,0.1,12596.4,5,Net Banking
O01245,2026-06-01,C0055,P001,3,0.15,5097.45,4,Net Banking
O01246,2026-09-01,C0027,P013,4,0.15,5096.6,5,Credit Card
O01247,2026-07-16,C0175,P018,4,0.0,5196.0,3,Cash
O01248,2026-05-08,C0133,P003,2,0.05,6648.1,2,UPI
O01249,2026-08-01,C0284,P019,1,0.15,594.15,5,Credit Card
O01250,2026-04-08,C0205,P028,3,0.05,1422.15,4,Net Banking
O01251,2026-01-25,C0091,P001,1,0.15,1699.15,5,Credit Card
O01252,2026-03-17,C0003,P025,4,0.15,5096.6,4,Net Banking
O01253,2026-03-29,C0233,P012,1,0.0,2499.0,5,UPI
O01254,2026-04-09,C0153,P018,4,0.1,4676.4,5,Cash
O01255,2026-04-28,C0241,P019,1,0.0,699.0,4,Debit Card
O01256,2026-08-15,C0030,P024,2,0.15,1018.3,4,Debit Card
O01257,2026-07-03,C0148,P005,4,0.15,4416.6,5,Net Banking
O01258,2026-06-22,C0206,P008,4,0.15,7816.6,4,Credit Card
O01259,2026-05-10,C0002,P006,1,0.15,3399.15,4,Net Banking
O01260,2026-09-06,C0222,P003,4,0.1,12596.4,5,Debit Card
O01261,2026-03-24,C0077,P023,1,0.0,799.0,5,Credit Card
O01262,2026-08-03,C0187,P013,3,0.1,4047.3,5,Net Banking
O01263,2026-01-07,C0183,P028,3,0.15,1272.45,3,Debit Card
O01264,2026-04-02,C0148,P017,4,0.1,26996.4,2,Credit Card
O01265,2026-03-05,C0072,P011,2,0.1,5398.2,5,UPI
O01266,2026-08-11,C0294,P005,3,0.0,3897.0,4,UPI
O01267,2026-05-18,C0054,P020,3,0.0,13497.0,4,Cash
O01268,2026-05-26,C0079,P006,4,0.1,14396.4,2,Cash
O01269,2026-05-31,C0017,P018,1,0.1,1169.1,4,Cash
O01270,2026-03-24,C0219,P001,1,0.15,1699.15,3,Credit Card
O01271,2026-03-28,C0090,P028,4,0.1,1796.4,4,Debit Card
O01272,2026-04-04,C0032,P004,4,0.05,5696.2,4,UPI
O01273,2026-08-04,C0213,P003,2,0.1,6298.2,4,Debit Card
O01274,2026-05-27,C0207,P010,4,0.05,2656.2,5,UPI
O01275,2026-07-03,C0043,P005,1,0.1,1169.1,4,Net Banking
O01276,2026-07-25,C0025,P007,4,0.15,5436.6,4,UPI
O01277,2026-06-16,C0041,P006,3,0.1,10797.3,4,Net Banking
O01278,2026-03-22,C0158,P004,2,0.15,2548.3,4,Net Banking
O01279,2026-05-12,C0133,P030,4,0.05,11396.2,5,Net Banking
O01280,2026-08-09,C0233,P030,2,0.15,5098.3,4,Cash
O01281,2026-03-10,C0030,P002,4,0.0,9996.0,5,Debit Card
O01282,2026-04-29,C0182,P014,2,0.05,1518.1,3,Debit Card
O01283,2026-08-05,C0064,P002,4,0.15,8496.6,4,UPI
O01284,2026-06-12,C0120,P016,2,0.15,15298.3,4,Debit Card
O01285,2026-06-15,C0200,P012,2,0.1,4498.2,5,Credit Card
O01286,2026-04-14,C0214,P021,2,0.0,998.0,3,UPI
O01287,2026-03-04,C0150,P014,3,0.15,2037.45,4,Cash
O01288,2026-04-19,C0045,P028,1,0.05,474.05,3,Credit Card
O01289,2026-01-08,C0192,P021,3,0.1,1347.3,5,Credit Card
O01290,2026-06-14,C0230,P020,1,0.15,3824.15,5,UPI
O01291,2026-08-09,C0058,P002,1,0.1,2249.1,5,UPI
O01292,2026-08-19,C0037,P026,4,0.1,716.4,5,UPI
O01293,2026-04-12,C0099,P028,2,0.05,948.1,3,Net Banking
O01294,2026-08-27,C0069,P012,1,0.1,2249.1,4,UPI
O01295,2026-03-02,C0059,P008,1,0.1,2069.1,4,Net Banking
O01296,2026-07-08,C0024,P010,4,0.05,2656.2,5,Credit Card
O01297,2026-02-06,C0147,P001,1,0.05,1899.05,4,Debit Card
O01298,2026-04-23,C0253,P023,4,0.1,2876.4,5,UPI
O01299,2026-05-06,C0230,P016,3,0.0,26997.0,4,Cash
O01300,2026-05-02,C0176,P023,2,0.1,1438.2,5,Credit Card
O01301,2026-04-03,C0251,P002,4,0.1,8996.4,5,UPI
O01302,2026-06-15,C0043,P026,1,0.0,199.0,5,Credit Card
O01303,2026-03-06,C0080,P001,4,0.1,7196.4,5,Debit Card
O01304,2026-08-20,C0294,P006,1,0.05,3799.05,5,Cash
O01305,2026-01-03,C0095,P015,4,0.1,6476.4,4,Credit Card
O01306,2026-03-18,C0216,P011,2,0.05,5698.1,5,Debit Card
O01307,2026-08-14,C0009,P024,4,0.0,2396.0,4,UPI
O01308,2026-07-30,C0028,P028,4,0.15,1696.6,5,Debit Card
O01309,2026-07-03,C0121,P007,4,0.0,6396.0,5,Debit Card
O01310,2026-05-10,C0155,P016,1,0.1,8099.1,4,Net Banking
O01311,2026-07-08,C0169,P029,3,0.15,2292.45,5,UPI
O01312,2026-06-14,C0199,P015,2,0.15,3058.3,5,Credit Card
O01313,2026-01-01,C0100,P030,4,0.05,11396.2,5,Debit Card
O01314,2026-05-28,C0070,P002,1,0.0,2499.0,3,Net Banking
O01315,2026-07-02,C0085,P015,2,0.15,3058.3,5,Debit Card
O01316,2026-04-26,C0120,P023,4,0.05,3036.2,4,Net Banking
O01317,2026-07-31,C0196,P024,3,0.1,1617.3,4,Cash
O01318,2026-04-05,C0097,P029,2,0.15,1528.3,5,Net Banking
O01319,2026-02-27,C0217,P019,1,0.0,699.0,5,Net Banking
O01320,2026-06-10,C0112,P019,2,0.0,1398.0,5,Credit Card
O01321,2026-03-09,C0014,P008,2,0.0,4598.0,4,Cash
O01322,2026-06-03,C0200,P005,3,0.05,3702.15,3,Debit Card
O01323,2026-02-13,C0262,P026,1,0.0,199.0,5,Cash
O01324,2026-07-17,C0098,P001,4,0.15,6796.6,3,Credit Card
O01325,2026-02-18,C0126,P006,3,0.1,10797.3,5,Cash
O01326,2026-02-03,C0007,P027,4,0.05,946.2,5,Debit Card
O01327,2026-07-06,C0238,P023,2,0.15,1358.3,4,Credit Card
O01328,2026-01-08,C0288,P017,3,0.1,20247.3,4,Cash
O01329,2026-08-21,C0024,P009,2,0.1,5398.2,5,Cash
O01330,2026-01-22,C0170,P029,1,0.15,764.15,3,Debit Card
O01331,2026-09-07,C0121,P004,4,0.05,5696.2,5,Cash
O01332,2026-07-08,C0152,P028,3,0.0,1497.0,3,UPI
O01333,2026-01-14,C0142,P005,3,0.05,3702.15,4,Debit Card
O01334,2026-06-05,C0281,P023,1,0.0,799.0,4,Net Banking
O01335,2026-04-08,C0032,P012,3,0.15,6372.45,5,Credit Card
O01336,2026-09-05,C0057,P018,1,0.05,1234.05,4,Net Banking
O01337,2026-05-07,C0087,P030,3,0.15,7647.45,3,Debit Card
O01338,2026-07-01,C0128,P005,4,0.05,4936.2,4,Debit Card
O01339,2026-01-12,C0055,P022,2,0.15,1188.3,5,Debit Card
O01340,2026-07-11,C0297,P002,3,0.15,6372.45,4,Debit Card
O01341,2026-06-06,C0281,P015,3,0.1,4857.3,4,Credit Card
O01342,2026-03-22,C0273,P010,4,0.05,2656.2,5,Cash
O01343,2026-01-14,C0166,P010,2,0.05,1328.1,2,Credit Card
O01344,2026-01-10,C0248,P026,4,0.1,716.4,4,Cash
O01345,2026-04-22,C0164,P029,1,0.15,764.15,2,Debit Card
O01346,2026-07-01,C0283,P018,4,0.15,4416.6,4,Credit Card
O01347,2026-02-01,C0056,P026,3,0.0,597.0,4,Debit Card
O01348,2026-02-16,C0155,P025,2,0.1,2698.2,5,Net Banking
O01349,2026-02-24,C0059,P029,1,0.05,854.05,4,UPI
O01350,2026-03-05,C0038,P030,4,0.0,11996.0,5,UPI
O01351,2026-03-14,C0299,P012,1,0.15,2124.15,4,UPI
O01352,2026-08-03,C0195,P008,3,0.05,6552.15,2,Cash
O01353,2026-08-01,C0051,P005,4,0.15,4416.6,5,Debit Card
O01354,2026-06-02,C0189,P012,1,0.1,2249.1,5,Net Banking
O01355,2026-09-01,C0290,P003,4,0.1,12596.4,5,Net Banking
O01356,2026-02-03,C0110,P009,2,0.0,5998.0,5,Debit Card
O01357,2026-03-24,C0043,P006,1,0.0,3999.0,5,Net Banking
O01358,2026-04-08,C0233,P007,1,0.15,1359.15,4,Credit Card
O01359,2026-09-05,C0083,P001,4,0.0,7996.0,2,Credit Card
O01360,2026-02-11,C0069,P026,4,0.15,676.6,4,Credit Card
O01361,2026-01-31,C0037,P025,3,0.15,3822.45,5,Debit Card
O01362,2026-08-20,C0154,P025,2,0.1,2698.2,5,Debit Card
O01363,2026-05-12,C0299,P008,2,0.15,3908.3,4,Cash
O01364,2026-05-02,C0282,P002,3,0.15,6372.45,3,Cash
O01365,2026-07-27,C0215,P013,3,0.05,4272.15,4,Cash
O01366,2026-01-24,C0295,P026,1,0.1,179.1,5,Credit Card
O01367,2026-06-15,C0124,P003,2,0.15,5948.3,5,Net Banking
O01368,2026-01-22,C0222,P009,3,0.15,7647.45,4,Cash
O01369,2026-03-18,C0226,P030,2,0.05,5698.1,5,Debit Card
O01370,2026-08-04,C0070,P025,2,0.15,2548.3,4,UPI
O01371,2026-05-22,C0142,P010,1,0.0,699.0,5,Net Banking
O01372,2026-04-19,C0237,P023,4,0.0,3196.0,4,Net Banking
O01373,2026-07-28,C0100,P009,3,0.1,8097.3,4,UPI
O01374,2026-07-16,C0093,P020,1,0.0,4499.0,5,Cash
O01375,2026-02-15,C0140,P002,2,0.15,4248.3,2,Cash
O01376,2026-08-13,C0178,P018,3,0.1,3507.3,5,Cash
O01377,2026-07-13,C0229,P027,4,0.1,896.4,4,Credit Card
O01378,2026-02-24,C0124,P028,2,0.0,998.0,5,Net Banking
O01379,2026-03-08,C0279,P020,1,0.15,3824.15,5,UPI
O01380,2026-04-12,C0006,P025,1,0.0,1499.0,4,Cash
O01381,2026-04-28,C0213,P004,4,0.15,5096.6,4,Net Banking
O01382,2026-04-03,C0262,P016,4,0.1,32396.4,3,Credit Card
O01383,2026-01-04,C0102,P014,2,0.0,1598.0,5,Credit Card
O01384,2026-08-08,C0017,P014,1,0.05,759.05,4,Credit Card
O01385,2026-06-16,C0268,P010,2,0.15,1188.3,5,Net Banking
O01386,2026-02-18,C0279,P021,1,0.1,449.1,5,Credit Card
O01387,2026-05-02,C0012,P025,4,0.0,5996.0,3,Credit Card
O01388,2026-07-09,C0254,P011,4,0.15,10196.6,4,Cash
O01389,2026-05-30,C0195,P004,2,0.05,2848.1,4,Cash
O01390,2026-01-14,C0182,P009,3,0.0,8997.0,3,Cash
O01391,2026-09-08,C0051,P012,4,0.15,8496.6,5,Net Banking
O01392,2026-07-07,C0202,P017,3,0.0,22497.0,4,Cash
O01393,2026-05-12,C0096,P023,4,0.05,3036.2,5,Net Banking
O01394,2026-01-05,C0001,P028,4,0.1,1796.4,5,Debit Card
O01395,2026-08-17,C0062,P005,4,0.15,4416.6,3,Net Banking
O01396,2026-08-29,C0060,P013,3,0.15,3822.45,5,UPI
O01397,2026-02-11,C0135,P025,3,0.05,4272.15,4,Cash
O01398,2026-03-01,C0096,P015,2,0.1,3238.2,5,Cash
O01399,2026-02-03,C0155,P017,3,0.15,19122.45,5,Debit Card
O01400,2026-07-23,C0090,P018,4,0.05,4936.2,5,Debit Card
O01401,2026-06-26,C0292,P030,1,0.15,2549.15,3,Credit Card
O01402,2026-02-10,C0108,P002,4,0.0,9996.0,5,Cash
O01403,2026-03-19,C0022,P023,2,0.05,1518.1,5,UPI
O01404,2026-04-02,C0091,P019,3,0.1,1887.3,5,Credit Card
O01405,2026-07-31,C0027,P016,1,0.0,8999.0,4,UPI
O01406,2026-06-08,C0245,P020,2,0.0,8998.0,5,Cash
O01407,2026-03-08,C0120,P012,3,0.1,6747.3,5,Net Banking
O01408,2026-03-10,C0035,P021,2,0.0,998.0,5,Cash
O01409,2026-07-24,C0289,P002,4,0.0,9996.0,5,Net Banking
O01410,2026-06-06,C0182,P009,1,0.0,2999.0,4,Credit Card
O01411,2026-06-11,C0297,P023,1,0.05,759.05,5,Credit Card
O01412,2026-07-06,C0063,P022,3,0.15,1782.45,5,Cash
O01413,2026-07-07,C0060,P010,1,0.05,664.05,5,Debit Card
O01414,2026-07-29,C0201,P015,2,0.0,3598.0,5,Cash
O01415,2026-09-06,C0157,P020,4,0.0,17996.0,4,Cash
O01416,2026-03-29,C0043,P017,3,0.05,21372.15,3,Debit Card
O01417,2026-07-03,C0027,P019,4,0.1,2516.4,5,Credit Card
O01418,2026-02-08,C0060,P019,4,0.05,2656.2,3,Cash
O01419,2026-04-16,C0060,P030,4,0.15,10196.6,5,Net Banking
O01420,2026-07-23,C0251,P013,3,0.0,4497.0,4,UPI
O01421,2026-07-03,C0197,P016,1,0.0,8999.0,4,Cash
O01422,2026-07-17,C0137,P018,2,0.15,2208.3,3,UPI
O01423,2026-06-19,C0004,P003,2,0.0,6998.0,5,Net Banking
O01424,2026-09-07,C0274,P001,3,0.15,5097.45,4,Net Banking
O01425,2026-08-12,C0008,P009,3,0.1,8097.3,5,UPI
O01426,2026-07-31,C0071,P008,3,0.05,6552.15,5,Cash
O01427,2026-06-14,C0192,P014,2,0.15,1358.3,5,Cash
O01428,2026-07-18,C0241,P005,2,0.1,2338.2,3,Net Banking
O01429,2026-03-27,C0020,P004,4,0.05,5696.2,5,Net Banking
O01430,2026-03-14,C0046,P016,2,0.0,17998.0,5,Debit Card
O01431,2026-05-14,C0281,P013,3,0.05,4272.15,2,Net Banking
O01432,2026-06-01,C0246,P008,3,0.05,6552.15,5,Debit Card
O01433,2026-07-05,C0113,P013,4,0.0,5996.0,5,Debit Card
O01434,2026-03-08,C0088,P030,3,0.0,8997.0,2,UPI
O01435,2026-04-25,C0049,P028,3,0.0,1497.0,4,Credit Card
O01436,2026-07-26,C0122,P011,2,0.1,5398.2,4,Net Banking
O01437,2026-06-22,C0231,P006,2,0.15,6798.3,5,Credit Card
O01438,2026-01-27,C0120,P012,3,0.05,7122.15,5,Debit Card
O01439,2026-04-27,C0085,P016,1,0.05,8549.05,5,Cash
O01440,2026-01-21,C0030,P001,1,0.0,1999.0,4,Credit Card
O01441,2026-05-02,C0107,P006,2,0.15,6798.3,3,Net Banking
O01442,2026-04-14,C0151,P026,4,0.1,716.4,5,Cash
O01443,2026-04-23,C0046,P008,4,0.15,7816.6,5,Credit Card
O01444,2026-05-10,C0058,P002,2,0.15,4248.3,5,Credit Card
O01445,2026-09-05,C0234,P013,1,0.05,1424.05,4,UPI
O01446,2026-07-11,C0117,P028,2,0.1,898.2,5,UPI
O01447,2026-06-04,C0021,P008,4,0.0,9196.0,3,Net Banking
O01448,2026-03-16,C0004,P006,1,0.05,3799.05,3,Debit Card
O01449,2026-04-06,C0263,P015,3,0.1,4857.3,4,Credit Card
O01450,2026-02-06,C0202,P014,4,0.0,3196.0,5,Debit Card
O01451,2026-08-16,C0087,P022,3,0.05,1992.15,4,Cash
O01452,2026-01-01,C0023,P013,1,0.1,1349.1,3,UPI
O01453,2026-04-17,C0240,P014,4,0.1,2876.4,5,Debit Card
O01454,2026-07-20,C0055,P018,4,0.15,4416.6,5,Net Banking
O01455,2026-02-03,C0171,P020,2,0.15,7648.3,5,Cash
O01456,2026-02-08,C0116,P012,3,0.0,7497.0,5,Net Banking
O01457,2026-04-15,C0238,P023,4,0.05,3036.2,5,Debit Card
O01458,2026-05-19,C0121,P009,1,0.15,2549.15,5,UPI
O01459,2026-08-10,C0289,P009,2,0.0,5998.0,5,Debit Card
O01460,2026-05-24,C0270,P011,1,0.0,2999.0,4,Net Banking
O01461,2026-05-19,C0062,P027,1,0.05,236.55,5,Net Banking
O01462,2026-08-18,C0177,P021,1,0.0,499.0,5,Net Banking
O01463,2026-02-16,C0159,P015,1,0.1,1619.1,5,Credit Card
O01464,2026-08-01,C0260,P006,4,0.0,15996.0,5,Net Banking
O01465,2026-03-24,C0251,P028,4,0.0,1996.0,4,UPI
O01466,2026-03-29,C0137,P024,4,0.05,2276.2,4,Net Banking
O01467,2026-03-23,C0021,P005,4,0.1,4676.4,3,UPI
O01468,2026-05-19,C0186,P010,2,0.1,1258.2,3,Debit Card
O01469,2026-07-16,C0147,P016,1,0.05,8549.05,4,Cash
O01470,2026-06-23,C0004,P012,2,0.0,4998.0,5,Debit Card
O01471,2026-02-16,C0167,P010,1,0.0,699.0,4,UPI
O01472,2026-03-23,C0021,P023,2,0.15,1358.3,5,Debit Card
O01473,2026-04-07,C0021,P016,1,0.0,8999.0,4,Net Banking
O01474,2026-05-31,C0085,P025,2,0.15,2548.3,4,Net Banking
O01475,2026-04-09,C0235,P027,1,0.1,224.1,3,Cash
O01476,2026-05-22,C0107,P011,4,0.0,11996.0,4,Cash
O01477,2026-06-12,C0190,P027,2,0.0,498.0,4,Net Banking
O01478,2026-06-22,C0046,P013,1,0.05,1424.05,5,Credit Card
O01479,2026-03-19,C0064,P001,4,0.15,6796.6,3,Net Banking
O01480,2026-02-22,C0109,P009,2,0.1,5398.2,5,Credit Card
O01481,2026-07-20,C0048,P019,2,0.15,1188.3,5,Net Banking
O01482,2026-04-26,C0117,P001,1,0.0,1999.0,5,Net Banking
O01483,2026-03-16,C0044,P026,2,0.0,398.0,3,Cash
O01484,2026-03-11,C0070,P025,3,0.15,3822.45,5,Credit Card
O01485,2026-05-30,C0287,P024,3,0.0,1797.0,4,Net Banking
O01486,2026-05-25,C0251,P030,1,0.1,2699.1,3,UPI
O01487,2026-08-01,C0050,P009,2,0.1,5398.2,5,Credit Card
O01488,2026-06-06,C0181,P014,3,0.1,2157.3,5,Cash
O01489,2026-03-11,C0106,P001,2,0.1,3598.2,4,Cash
O01490,2026-09-03,C0219,P009,3,0.0,8997.0,5,Credit Card
O01491,2026-06-15,C0297,P018,1,0.15,1104.15,1,UPI
O01492,2026-06-22,C0091,P012,2,0.15,4248.3,5,Cash
O01493,2026-07-15,C0079,P027,4,0.0,996.0,5,UPI
O01494,2026-05-18,C0146,P018,1,0.15,1104.15,5,Debit Card
O01495,2026-09-06,C0155,P010,4,0.1,2516.4,4,UPI
O01496,2026-02-01,C0091,P001,4,0.1,7196.4,5,Cash
O01497,2026-01-03,C0128,P007,2,0.0,3198.0,5,Debit Card
O01498,2026-02-19,C0012,P026,1,0.1,179.1,5,Credit Card
O01499,2026-03-01,C0124,P010,4,0.1,2516.4,2,Cash
O01500,2026-08-20,C0068,P022,2,0.0,1398.0,4,Cash
